"Protein","Module","Module_Name"
"MT3","turquoise","M1_turquoise"
"NFASC","greenyellow","M13_greenyellow"
"ALDOA","yellow","M6_yellow"
"LSAMP","turquoise","M1_turquoise"
"PARK7","yellow","M6_yellow"
"YWHAZ","pink","M5_pink"
"CXCL16","grey","M17_grey"
"SELENBP1","grey","M17_grey"
"PROCR","grey","M17_grey"
"NCAN","turquoise","M1_turquoise"
"NICOL1","turquoise","M1_turquoise"
"DPP7","black","M7_black"
"ICOSLG","turquoise","M1_turquoise"
"PAPLN","grey","M17_grey"
"FOLR2","turquoise","M1_turquoise"
"GC","blue","M2_blue"
"HBA1","purple","M15_purple"
"IGLV3-19","brown","M4_brown"
"FBLN5","tan","M3_tan"
"LAMP2","greenyellow","M13_greenyellow"
"NUCB2","magenta","M8_magenta"
"PDGFB","turquoise","M1_turquoise"
"ITIH2","blue","M2_blue"
"CSF1R","grey","M17_grey"
"PGLYRP2","blue","M2_blue"
"IGHM","blue","M2_blue"
"LAMA2","tan","M3_tan"
"APLP2","green","M11_green"
"AGA","black","M7_black"
"CFI","blue","M2_blue"
"CD44","grey","M17_grey"
"IGSF8","turquoise","M1_turquoise"
"CNTNAP4","red","M9_red"
"C1QC","tan","M3_tan"
"C1R","tan","M3_tan"
"CPN2","blue","M2_blue"
"AMBP","blue","M2_blue"
"C5","blue","M2_blue"
"HEXA","black","M7_black"
"DBI","yellow","M6_yellow"
"C1QA","tan","M3_tan"
"NRXN3","midnightblue","M12_midnightblue"
"IGHV3-30","brown","M4_brown"
"C6","blue","M2_blue"
"CLEC3B","grey","M17_grey"
"SPARCL1","turquoise","M1_turquoise"
"GAP43","yellow","M6_yellow"
"MCAM","midnightblue","M12_midnightblue"
"SCG2","turquoise","M1_turquoise"
"LMAN1","turquoise","M1_turquoise"
"HBD","purple","M15_purple"
"ADGRB2","turquoise","M1_turquoise"
"LTBP4","tan","M3_tan"
"IGHG3","brown","M4_brown"
"PON1","blue","M2_blue"
"AXL","green","M11_green"
"CADM1","turquoise","M1_turquoise"
"APOD","blue","M2_blue"
"SPON1","yellow","M6_yellow"
"MGAT1","grey","M17_grey"
"SERPINF2","blue","M2_blue"
"CP","blue","M2_blue"
"PCSK1","turquoise","M1_turquoise"
"CPB2","blue","M2_blue"
"SPARC","magenta","M8_magenta"
"LYVE1","turquoise","M1_turquoise"
"IGKC","brown","M4_brown"
"IGHG4","brown","M4_brown"
"CNDP1","greenyellow","M13_greenyellow"
"EFNB2","turquoise","M1_turquoise"
"PRRT2","turquoise","M1_turquoise"
"RNASET2","black","M7_black"
"PNOC","turquoise","M1_turquoise"
"PLTP","tan","M3_tan"
"ATRN","blue","M2_blue"
"LGALS1","tan","M3_tan"
"OMG","green","M11_green"
"IGLL5","brown","M4_brown"
"FAT2","cyan","M14_cyan"
"AHSG","blue","M2_blue"
"IGFBP6","blue","M2_blue"
"CFHR2","blue","M2_blue"
"IGHV3-72","brown","M4_brown"
"NPPC","turquoise","M1_turquoise"
"CPE","cyan","M14_cyan"
"HSPA8","yellow","M6_yellow"
"C4BPA","blue","M2_blue"
"VTN","blue","M2_blue"
"SEMA6A","red","M9_red"
"WFDC1","midnightblue","M12_midnightblue"
"NPTX1","green","M11_green"
"PTN","black","M7_black"
"DCN","magenta","M8_magenta"
"MEGF10","greenyellow","M13_greenyellow"
"PSAP","red","M9_red"
"IGLV3-21","brown","M4_brown"
"GGH","black","M7_black"
"F10","blue","M2_blue"
"KRT2","lightcyan","M16_lightcyan"
"NTNG1","green","M11_green"
"CD55","turquoise","M1_turquoise"
"CD99L2","turquoise","M1_turquoise"
"IGHA1","brown","M4_brown"
"ACYP2","yellow","M6_yellow"
"EFEMP2","tan","M3_tan"
"CHI3L1","pink","M5_pink"
"FAM3C","turquoise","M1_turquoise"
"IGKV1-5","brown","M4_brown"
"CRTAC1","turquoise","M1_turquoise"
"IL6ST","green","M11_green"
"CTSH","black","M7_black"
"SEMA6D","green","M11_green"
"TIMP1","tan","M3_tan"
"IDS","red","M9_red"
"SELL","blue","M2_blue"
"PROS1","tan","M3_tan"
"CYCS","yellow","M6_yellow"
"ADAMTS4","grey","M17_grey"
"NELL2","turquoise","M1_turquoise"
"TAFA5","turquoise","M1_turquoise"
"TNFRSF21","turquoise","M1_turquoise"
"IGKV1D-33","brown","M4_brown"
"CTSB","black","M7_black"
"LAMP1","red","M9_red"
"IGFBP7","magenta","M8_magenta"
"COL3A1","tan","M3_tan"
"KIT","midnightblue","M12_midnightblue"
"HSPG2","tan","M3_tan"
"IGFBP2","tan","M3_tan"
"PRELP","tan","M3_tan"
"C1QB","tan","M3_tan"
"GDA","yellow","M6_yellow"
"NTM","turquoise","M1_turquoise"
"NECTIN1","turquoise","M1_turquoise"
"ALCAM","turquoise","M1_turquoise"
"APOC3","blue","M2_blue"
"WFIKKN2","grey","M17_grey"
"TGFBI","tan","M3_tan"
"DNER","green","M11_green"
"CDH2","turquoise","M1_turquoise"
"C1S","tan","M3_tan"
"CHGB","midnightblue","M12_midnightblue"
"ALDOC","yellow","M6_yellow"
"LYNX1","turquoise","M1_turquoise"
"ICAM5","greenyellow","M13_greenyellow"
"HPX","blue","M2_blue"
"LAMB1","magenta","M8_magenta"
"MOG","turquoise","M1_turquoise"
"STC2","midnightblue","M12_midnightblue"
"CHGA","turquoise","M1_turquoise"
"HYOU1","green","M11_green"
"IGHG2","brown","M4_brown"
"ITIH5","black","M7_black"
"GPI","pink","M5_pink"
"APCS","blue","M2_blue"
"MST1","blue","M2_blue"
"GPR158","turquoise","M1_turquoise"
"HP","blue","M2_blue"
"COL18A1","tan","M3_tan"
"RTN4R","red","M9_red"
"GRIA4","red","M9_red"
"MEGF8","red","M9_red"
"SERPIND1","blue","M2_blue"
"COCH","grey","M17_grey"
"CBLN1","cyan","M14_cyan"
"CD59","turquoise","M1_turquoise"
"KRT10","lightcyan","M16_lightcyan"
"ATP6AP1","green","M11_green"
"SERPINI1","greenyellow","M13_greenyellow"
"TGFBR3","green","M11_green"
"PTPRG","green","M11_green"
"CLSTN2","green","M11_green"
"ART3","turquoise","M1_turquoise"
"KRT1","lightcyan","M16_lightcyan"
"L1CAM","green","M11_green"
"NRXN2","green","M11_green"
"B2M","yellow","M6_yellow"
"C3","blue","M2_blue"
"APLP1","turquoise","M1_turquoise"
"LUM","blue","M2_blue"
"BCAN","green","M11_green"
"CARTPT","turquoise","M1_turquoise"
"B3GNT2","turquoise","M1_turquoise"
"NBL1","turquoise","M1_turquoise"
"PKM","yellow","M6_yellow"
"RBP4","blue","M2_blue"
"LRG1","blue","M2_blue"
"SOD1","yellow","M6_yellow"
"AGRN","turquoise","M1_turquoise"
"SPOCK3","turquoise","M1_turquoise"
"COL1A1","tan","M3_tan"
"COL6A3","tan","M3_tan"
"DDR1","red","M9_red"
"PTPRD","turquoise","M1_turquoise"
"GASK1B","turquoise","M1_turquoise"
"TPP1","black","M7_black"
"VSTM2A","turquoise","M1_turquoise"
"CLIC4","salmon","M10_salmon"
"AEBP1","tan","M3_tan"
"FGA","blue","M2_blue"
"IGHV3-74","brown","M4_brown"
"HBB","purple","M15_purple"
"SCG5","turquoise","M1_turquoise"
"ZP2","cyan","M14_cyan"
"SLITRK1","turquoise","M1_turquoise"
"IGLC3","brown","M4_brown"
"CAMK2A","yellow","M6_yellow"
"CTSL","black","M7_black"
"KLK6","turquoise","M1_turquoise"
"PCOLCE","tan","M3_tan"
"C16orf89","midnightblue","M12_midnightblue"
"NRCAM","turquoise","M1_turquoise"
"PLXDC2","yellow","M6_yellow"
"DDAH2","salmon","M10_salmon"
"CACNA2D1","turquoise","M1_turquoise"
"TAGLN","salmon","M10_salmon"
"PRNP","turquoise","M1_turquoise"
"C1RL","blue","M2_blue"
"SERPINA7","blue","M2_blue"
"IGKV2-28","brown","M4_brown"
"CRP","blue","M2_blue"
"C1QTNF3","midnightblue","M12_midnightblue"
"CNTN2","red","M9_red"
"SERPINA1","blue","M2_blue"
"F5","magenta","M8_magenta"
"SLC5A5","magenta","M8_magenta"
"NCAM1","turquoise","M1_turquoise"
"AJAP1","turquoise","M1_turquoise"
"PTPRS","turquoise","M1_turquoise"
"RARRES2","tan","M3_tan"
"LAMC1","magenta","M8_magenta"
"APOA2","blue","M2_blue"
"A1BG","blue","M2_blue"
"MASP1","black","M7_black"
"OAF","blue","M2_blue"
"DPP6","green","M11_green"
"NID2","tan","M3_tan"
"CPVL","magenta","M8_magenta"
"SERPINC1","blue","M2_blue"
"CHL1","turquoise","M1_turquoise"
"CELSR2","turquoise","M1_turquoise"
"FGB","blue","M2_blue"
"BTD","red","M9_red"
"PI16","tan","M3_tan"
"CPQ","black","M7_black"
"GFRA2","turquoise","M1_turquoise"
"SHISA5","turquoise","M1_turquoise"
"PGK1","pink","M5_pink"
"SPP1","yellow","M6_yellow"
"VCAN","green","M11_green"
"IGHG1","brown","M4_brown"
"ITM2B","magenta","M8_magenta"
"PCDH8","turquoise","M1_turquoise"
"ENO2","yellow","M6_yellow"
"CTSA","black","M7_black"
"SEZ6L","turquoise","M1_turquoise"
"POMGNT1","turquoise","M1_turquoise"
"CTSF","black","M7_black"
"AZGP1","blue","M2_blue"
"ECRG4","magenta","M8_magenta"
"SELENOP","blue","M2_blue"
"SIAE","black","M7_black"
"GSN","tan","M3_tan"
"RNASE4","tan","M3_tan"
"C2","blue","M2_blue"
"RNASE1","turquoise","M1_turquoise"
"CDH13","turquoise","M1_turquoise"
"A2M","blue","M2_blue"
"PODXL2","green","M11_green"
"COL1A2","tan","M3_tan"
"GOT1","yellow","M6_yellow"
"SCG3","turquoise","M1_turquoise"
"PEBP1","yellow","M6_yellow"
"MAN1B1","midnightblue","M12_midnightblue"
"RELN","cyan","M14_cyan"
"PPIC","grey","M17_grey"
"CDH6","turquoise","M1_turquoise"
"SEZ6","midnightblue","M12_midnightblue"
"GOLM1","turquoise","M1_turquoise"
"APP","green","M11_green"
"ACTB","salmon","M10_salmon"
"LDHB","yellow","M6_yellow"
"EFEMP1","grey","M17_grey"
"PLD3","red","M9_red"
"C8B","blue","M2_blue"
"GPX3","blue","M2_blue"
"CBLN3","cyan","M14_cyan"
"LTBP2","tan","M3_tan"
"IGFBP5","magenta","M8_magenta"
"OPCML","turquoise","M1_turquoise"
"FSTL1","magenta","M8_magenta"
"EPHA4","turquoise","M1_turquoise"
"IGLON5","green","M11_green"
"ROBO1","midnightblue","M12_midnightblue"
"NGFR","grey","M17_grey"
"CA1","purple","M15_purple"
"GAPDH","pink","M5_pink"
"BASP1","yellow","M6_yellow"
"THY1","turquoise","M1_turquoise"
"LTBP1","tan","M3_tan"
"HSPA5","turquoise","M1_turquoise"
"TGOLN2","turquoise","M1_turquoise"
"PRRT3","turquoise","M1_turquoise"
"ANG","tan","M3_tan"
"PLG","blue","M2_blue"
"BPNT2","turquoise","M1_turquoise"
"MAN1A1","turquoise","M1_turquoise"
"ISLR","tan","M3_tan"
"SERPINA6","blue","M2_blue"
"HRG","blue","M2_blue"
"F2","blue","M2_blue"
"APOC1","blue","M2_blue"
"PAM","turquoise","M1_turquoise"
"SIRPA","green","M11_green"
"PFN1","salmon","M10_salmon"
"SEMA4B","green","M11_green"
"PTPRN2","turquoise","M1_turquoise"
"SHISA6","cyan","M14_cyan"
"AGT","red","M9_red"
"CLSTN1","turquoise","M1_turquoise"
"QDPR","yellow","M6_yellow"
"FRZB","tan","M3_tan"
"CALM1","yellow","M6_yellow"
"SEMA7A","red","M9_red"
"IGF2","tan","M3_tan"
"MMRN2","grey","M17_grey"
"FUCA2","grey","M17_grey"
"HTRA1","magenta","M8_magenta"
"TMEM132A","turquoise","M1_turquoise"
"LYZ","tan","M3_tan"
"KNG1","blue","M2_blue"
"MCFD2","tan","M3_tan"
"PPIA","pink","M5_pink"
"CALB1","cyan","M14_cyan"
"GPR37","turquoise","M1_turquoise"
"SHISA7","turquoise","M1_turquoise"
"MAPT","yellow","M6_yellow"
"ATP6AP2","cyan","M14_cyan"
"C7","brown","M4_brown"
"CANX","turquoise","M1_turquoise"
"VGF","turquoise","M1_turquoise"
"ENPP2","magenta","M8_magenta"
"MGP","salmon","M10_salmon"
"MRC1","turquoise","M1_turquoise"
"SERPINA5","blue","M2_blue"
"IGKV4-1","brown","M4_brown"
"LDHA","yellow","M6_yellow"
"PRCP","black","M7_black"
"FRRS1L","turquoise","M1_turquoise"
"F12","blue","M2_blue"
"TPI1","yellow","M6_yellow"
"FGG","blue","M2_blue"
"OGN","tan","M3_tan"
"LCAT","cyan","M14_cyan"
"LINGO1","red","M9_red"
"MEGF9","turquoise","M1_turquoise"
"CSF1","turquoise","M1_turquoise"
"SEMA3G","turquoise","M1_turquoise"
"DKK3","turquoise","M1_turquoise"
"NCAM2","turquoise","M1_turquoise"
"NPTX2","greenyellow","M13_greenyellow"
"SPOCK1","cyan","M14_cyan"
"TF","blue","M2_blue"
"QSOX2","midnightblue","M12_midnightblue"
"PIK3IP1","turquoise","M1_turquoise"
"SMOC1","yellow","M6_yellow"
"LMAN2","turquoise","M1_turquoise"
"CLSTN3","turquoise","M1_turquoise"
"NEO1","green","M11_green"
"IGFBP4","tan","M3_tan"
"PRKCSH","turquoise","M1_turquoise"
"BCHE","blue","M2_blue"
"SPINT2","turquoise","M1_turquoise"
"TWSG1","black","M7_black"
"HEXB","black","M7_black"
"SULF2","grey","M17_grey"
"FETUB","blue","M2_blue"
"MMP2","tan","M3_tan"
"MFGE8","greenyellow","M13_greenyellow"
"SLC39A10","turquoise","M1_turquoise"
"KLKB1","blue","M2_blue"
"FGFR2","turquoise","M1_turquoise"
"PTPRZ1","green","M11_green"
"GNPTG","tan","M3_tan"
"DYNLL2","yellow","M6_yellow"
"SDF4","cyan","M14_cyan"
"PTPRN","turquoise","M1_turquoise"
"VSTM2B","turquoise","M1_turquoise"
"PRDX1","pink","M5_pink"
"APOA4","blue","M2_blue"
"FBLN1","magenta","M8_magenta"
"CADM3","turquoise","M1_turquoise"
"SERPING1","blue","M2_blue"
"APOE","grey","M17_grey"
"SOD2","yellow","M6_yellow"
"PENK","midnightblue","M12_midnightblue"
"CST3","turquoise","M1_turquoise"
"CFD","blue","M2_blue"
"CADM4","turquoise","M1_turquoise"
"FN1","salmon","M10_salmon"
"COLEC12","turquoise","M1_turquoise"
"CFH","blue","M2_blue"
"CNTN1","green","M11_green"
"ORM1","blue","M2_blue"
"NPY","turquoise","M1_turquoise"
"ECM2","tan","M3_tan"
"CD14","grey","M17_grey"
"ENDOD1","turquoise","M1_turquoise"
"APOA1","blue","M2_blue"
"OLFM1","greenyellow","M13_greenyellow"
"FGFR1","midnightblue","M12_midnightblue"
"HABP2","blue","M2_blue"
"PTGDS","turquoise","M1_turquoise"
"GLDN","red","M9_red"
"GOLIM4","turquoise","M1_turquoise"
"SOD3","magenta","M8_magenta"
"SERPINF1","magenta","M8_magenta"
"C8A","blue","M2_blue"
"RNASE2","blue","M2_blue"
"ITIH1","blue","M2_blue"
"TIMP2","tan","M3_tan"
"SORCS2","turquoise","M1_turquoise"
"ORM2","blue","M2_blue"
"CD163","grey","M17_grey"
"CADM2","turquoise","M1_turquoise"
"SORCS3","green","M11_green"
"TALDO1","yellow","M6_yellow"
"OMD","black","M7_black"
"ENO1","pink","M5_pink"
"NRXN1","green","M11_green"
"KIAA0319","turquoise","M1_turquoise"
"SERPINA3","blue","M2_blue"
"FCGBP","magenta","M8_magenta"
"MAN2A2","turquoise","M1_turquoise"
"RNASE6","tan","M3_tan"
"MARCKS","yellow","M6_yellow"
"ST6GAL2","turquoise","M1_turquoise"
"NID1","tan","M3_tan"
"COTL1","pink","M5_pink"
"TXN","yellow","M6_yellow"
"CUTA","green","M11_green"
"NPTXR","greenyellow","M13_greenyellow"
"MDH1","yellow","M6_yellow"
"C8G","blue","M2_blue"
"PRG4","tan","M3_tan"
"ARMH4","turquoise","M1_turquoise"
"GOT2","yellow","M6_yellow"
"PPIB","black","M7_black"
"QSOX1","magenta","M8_magenta"
"APOM","blue","M2_blue"
"FBLN2","black","M7_black"
"LY6H","turquoise","M1_turquoise"
"WFDC2","turquoise","M1_turquoise"
"GPR37L1","turquoise","M1_turquoise"
"TNXB","tan","M3_tan"
"APOH","blue","M2_blue"
"SERPINA4","blue","M2_blue"
"NPC2","black","M7_black"
"ADGRB1","greenyellow","M13_greenyellow"
"IGKV3-20","brown","M4_brown"
"ITIH4","blue","M2_blue"
"BGLAP","grey","M17_grey"
"RTN4RL2","greenyellow","M13_greenyellow"
"CD99","tan","M3_tan"
"CGREF1","turquoise","M1_turquoise"
"DIPK1C","red","M9_red"
"CFHR1","blue","M2_blue"
"CLU","red","M9_red"
"FSTL4","red","M9_red"
"NTRK2","greenyellow","M13_greenyellow"
"NXPH4","midnightblue","M12_midnightblue"
"ADAM22","midnightblue","M12_midnightblue"
"CCN3","tan","M3_tan"
"CNTN4","turquoise","M1_turquoise"
"SPOCK2","cyan","M14_cyan"
"KRT9","lightcyan","M16_lightcyan"
"TNR","green","M11_green"
"IGHA2","brown","M4_brown"
"LRRC4B","green","M11_green"
"CTSD","black","M7_black"
"CTSZ","black","M7_black"
"CANT1","turquoise","M1_turquoise"
"PCSK1N","turquoise","M1_turquoise"
"CBLN4","turquoise","M1_turquoise"
"GM2A","turquoise","M1_turquoise"
"C9","blue","M2_blue"
"CALR","turquoise","M1_turquoise"
"COL6A1","red","M9_red"
"CAMK2B","yellow","M6_yellow"
"SPINK6","cyan","M14_cyan"
"APOB","blue","M2_blue"
"AFM","blue","M2_blue"
"PTPRF","turquoise","M1_turquoise"
"LGALS3BP","tan","M3_tan"
"ECM1","greenyellow","M13_greenyellow"
"SLITRK4","greenyellow","M13_greenyellow"
"PCSK2","greenyellow","M13_greenyellow"
"VSIG4","pink","M5_pink"
"SUSD5","turquoise","M1_turquoise"
"B4GAT1","green","M11_green"
"NEGR1","green","M11_green"
"PEBP4","grey","M17_grey"
"GMFB","yellow","M6_yellow"
"SCRG1","turquoise","M1_turquoise"
"NUCB1","black","M7_black"
"A8MTW9","turquoise","M1_turquoise"
"A4GALT","blue","M2_blue"
"AAMDC","pink","M5_pink"
"AARS1","grey","M17_grey"
"ABCA2","grey","M17_grey"
"ABHD14A","brown","M4_brown"
"ABHD14B","purple","M15_purple"
"ABI3BP","blue","M2_blue"
"ACAN","salmon","M10_salmon"
"ACE","greenyellow","M13_greenyellow"
"ACHE","red","M9_red"
"ACO2","grey","M17_grey"
"ACP2","red","M9_red"
"ACP6","grey","M17_grey"
"ACVR1","grey","M17_grey"
"ACVR1B","turquoise","M1_turquoise"
"ACYP1","grey","M17_grey"
"ADA2","tan","M3_tan"
"ADAM10","tan","M3_tan"
"ADAM11","midnightblue","M12_midnightblue"
"ADAM15","blue","M2_blue"
"ADAM17","tan","M3_tan"
"ADAM23","turquoise","M1_turquoise"
"ADAM28","grey","M17_grey"
"ADAM9","tan","M3_tan"
"ADAMDEC1","tan","M3_tan"
"ADAMTS1","midnightblue","M12_midnightblue"
"ADAMTS2","midnightblue","M12_midnightblue"
"ADAMTS8","turquoise","M1_turquoise"
"ADAMTSL1","grey","M17_grey"
"ADAMTSL2","greenyellow","M13_greenyellow"
"ADAMTSL3","tan","M3_tan"
"ADAMTSL4","blue","M2_blue"
"ADARB1","brown","M4_brown"
"ADCYAP1","turquoise","M1_turquoise"
"ADCYAP1R1","turquoise","M1_turquoise"
"ADGRB3","red","M9_red"
"ADGRG1","grey","M17_grey"
"ADGRL1","green","M11_green"
"ADGRL2","grey","M17_grey"
"ADGRL3","red","M9_red"
"ADH1B","purple","M15_purple"
"ADH5","salmon","M10_salmon"
"ADIPOQ","blue","M2_blue"
"ADIRF","salmon","M10_salmon"
"ADM","grey","M17_grey"
"ADPGK","blue","M2_blue"
"AHCY","purple","M15_purple"
"AHNAK","blue","M2_blue"
"AK1","purple","M15_purple"
"AKAP12","grey","M17_grey"
"AKR1A1","salmon","M10_salmon"
"AKR1B1","pink","M5_pink"
"ALAD","purple","M15_purple"
"ALB","blue","M2_blue"
"ALDH1A1","purple","M15_purple"
"AMIGO2","grey","M17_grey"
"AMY2A","blue","M2_blue"
"AMY2B","blue","M2_blue"
"ANGPTL1","tan","M3_tan"
"ANGPTL2","tan","M3_tan"
"ANGPTL4","pink","M5_pink"
"ANGPTL7","blue","M2_blue"
"ANPEP","blue","M2_blue"
"ANTXR1","tan","M3_tan"
"ANTXR2","blue","M2_blue"
"ANXA1","blue","M2_blue"
"ANXA2","lightcyan","M16_lightcyan"
"ANXA5","salmon","M10_salmon"
"ANXA6","salmon","M10_salmon"
"ANXA7","purple","M15_purple"
"AOC3","blue","M2_blue"
"AP1B1","yellow","M6_yellow"
"AP2A1","pink","M5_pink"
"AP2A2","grey","M17_grey"
"AP2B1","yellow","M6_yellow"
"APMAP","blue","M2_blue"
"APOC2","blue","M2_blue"
"APOC4","blue","M2_blue"
"APOF","blue","M2_blue"
"APOL1","blue","M2_blue"
"AQP4","pink","M5_pink"
"ARG1","lightcyan","M16_lightcyan"
"ARHGDIA","salmon","M10_salmon"
"ARHGDIB","tan","M3_tan"
"ARPC2","salmon","M10_salmon"
"ARPC4","salmon","M10_salmon"
"ARSA","black","M7_black"
"ARSB","black","M7_black"
"ARSG","grey","M17_grey"
"ASAH1","black","M7_black"
"ASPH","grey","M17_grey"
"ASPRV1","turquoise","M1_turquoise"
"ASRGL1","yellow","M6_yellow"
"ASTN1","greenyellow","M13_greenyellow"
"ATF6","blue","M2_blue"
"ATF6B","grey","M17_grey"
"ATOX1","pink","M5_pink"
"ATP1A1","magenta","M8_magenta"
"ATP1A2","grey","M17_grey"
"ATP1A3","grey","M17_grey"
"ATP1B1","grey","M17_grey"
"ATP1B2","red","M9_red"
"ATP1B3","tan","M3_tan"
"ATP2B2","grey","M17_grey"
"ATRNL1","greenyellow","M13_greenyellow"
"AVP","brown","M4_brown"
"B3GALNT1","turquoise","M1_turquoise"
"B3GAT1","turquoise","M1_turquoise"
"B3GAT3","cyan","M14_cyan"
"B3GNT7","brown","M4_brown"
"B3GNT8","blue","M2_blue"
"B3GNT9","black","M7_black"
"B4GALNT1","green","M11_green"
"B4GALNT4","greenyellow","M13_greenyellow"
"B4GALT1","grey","M17_grey"
"B4GALT2","grey","M17_grey"
"B4GALT3","green","M11_green"
"BACE1","turquoise","M1_turquoise"
"BAMBI","turquoise","M1_turquoise"
"BCAM","grey","M17_grey"
"BDNF","turquoise","M1_turquoise"
"BGN","magenta","M8_magenta"
"BID","grey","M17_grey"
"BIN1","pink","M5_pink"
"BLMH","yellow","M6_yellow"
"BLVRB","purple","M15_purple"
"BMP1","grey","M17_grey"
"BMP5","grey","M17_grey"
"BMP6","tan","M3_tan"
"BMP7","grey","M17_grey"
"BMPR2","turquoise","M1_turquoise"
"BOD1L1","blue","M2_blue"
"BPNT1","pink","M5_pink"
"BRINP1","midnightblue","M12_midnightblue"
"BSG","turquoise","M1_turquoise"
"BST1","blue","M2_blue"
"C11orf87","turquoise","M1_turquoise"
"SPRING1","grey","M17_grey"
"C1GALT1","grey","M17_grey"
"C1GALT1C1","green","M11_green"
"C1QL1","grey","M17_grey"
"C1QL2","turquoise","M1_turquoise"
"C1QL3","turquoise","M1_turquoise"
"C1QTNF1","grey","M17_grey"
"C1QTNF4","turquoise","M1_turquoise"
"C1QTNF5","magenta","M8_magenta"
"C4BPB","blue","M2_blue"
"QNG1","pink","M5_pink"
"CA10","cyan","M14_cyan"
"CA11","red","M9_red"
"CA14","turquoise","M1_turquoise"
"CA2","purple","M15_purple"
"CA3","purple","M15_purple"
"CA4","green","M11_green"
"CAB39","pink","M5_pink"
"CACHD1","red","M9_red"
"CACNA2D2","midnightblue","M12_midnightblue"
"CACNA2D3","turquoise","M1_turquoise"
"CACYBP","pink","M5_pink"
"CADPS","grey","M17_grey"
"CALB2","pink","M5_pink"
"CALCA","tan","M3_tan"
"CALU","magenta","M8_magenta"
"CALY","turquoise","M1_turquoise"
"CAMK2D","yellow","M6_yellow"
"CAMK2G","yellow","M6_yellow"
"CAND1","pink","M5_pink"
"CAP1","salmon","M10_salmon"
"CAP2","yellow","M6_yellow"
"CAPG","salmon","M10_salmon"
"CAPN1","purple","M15_purple"
"CAPS","tan","M3_tan"
"GOLM2","turquoise","M1_turquoise"
"CASP14","lightcyan","M16_lightcyan"
"CAST","purple","M15_purple"
"CAT","purple","M15_purple"
"CBLN2","turquoise","M1_turquoise"
"CBR1","blue","M2_blue"
"CCDC126","turquoise","M1_turquoise"
"CCDC80","tan","M3_tan"
"CCER2","turquoise","M1_turquoise"
"CCK","turquoise","M1_turquoise"
"CCL14","tan","M3_tan"
"CCL19","grey","M17_grey"
"UQCC4","turquoise","M1_turquoise"
"CD109","black","M7_black"
"CD177","blue","M2_blue"
"CD200","red","M9_red"
"CD248","turquoise","M1_turquoise"
"CD302","grey","M17_grey"
"CD320","turquoise","M1_turquoise"
"CD33","grey","M17_grey"
"CD46","turquoise","M1_turquoise"
"CD58","grey","M17_grey"
"CD5L","blue","M2_blue"
"CD74","grey","M17_grey"
"CD81","magenta","M8_magenta"
"CD83","grey","M17_grey"
"CD84","grey","M17_grey"
"CD9","magenta","M8_magenta"
"CD93","tan","M3_tan"
"ADGRE5","grey","M17_grey"
"CDH1","blue","M2_blue"
"CDH10","green","M11_green"
"CDH11","turquoise","M1_turquoise"
"CDH12","turquoise","M1_turquoise"
"CDH15","cyan","M14_cyan"
"CDH18","turquoise","M1_turquoise"
"CDH19","blue","M2_blue"
"CDH20","grey","M17_grey"
"CDH22","midnightblue","M12_midnightblue"
"CDH23","cyan","M14_cyan"
"CDH3","magenta","M8_magenta"
"CDH4","turquoise","M1_turquoise"
"CDH5","blue","M2_blue"
"CDH7","cyan","M14_cyan"
"CDH8","turquoise","M1_turquoise"
"CDH9","turquoise","M1_turquoise"
"CEL","magenta","M8_magenta"
"CEMIP","tan","M3_tan"
"CEND1","yellow","M6_yellow"
"CETP","blue","M2_blue"
"CFB","blue","M2_blue"
"CFHR3","blue","M2_blue"
"CFHR5","blue","M2_blue"
"CFL1","salmon","M10_salmon"
"CFL2","salmon","M10_salmon"
"CFP","blue","M2_blue"
"CHAD","cyan","M14_cyan"
"CHI3L2","tan","M3_tan"
"CHID1","black","M7_black"
"CHIT1","pink","M5_pink"
"CHPF","turquoise","M1_turquoise"
"CHRD","turquoise","M1_turquoise"
"CHRDL1","tan","M3_tan"
"CHST1","greenyellow","M13_greenyellow"
"CHST10","turquoise","M1_turquoise"
"CHST11","magenta","M8_magenta"
"CHST12","turquoise","M1_turquoise"
"CHST14","tan","M3_tan"
"CHST15","grey","M17_grey"
"CHST3","tan","M3_tan"
"CHST6","black","M7_black"
"CHST7","turquoise","M1_turquoise"
"CHST8","midnightblue","M12_midnightblue"
"CHSY3","turquoise","M1_turquoise"
"CKB","pink","M5_pink"
"CKMT1A","yellow","M6_yellow"
"CLEC11A","tan","M3_tan"
"CLIC1","salmon","M10_salmon"
"CLIC6","magenta","M8_magenta"
"CLMP","midnightblue","M12_midnightblue"
"CLN5","black","M7_black"
"CLUL1","grey","M17_grey"
"CNDP2","magenta","M8_magenta"
"CNP","magenta","M8_magenta"
"CNPY2","turquoise","M1_turquoise"
"CNPY3","cyan","M14_cyan"
"CNR1","turquoise","M1_turquoise"
"CNTFR","midnightblue","M12_midnightblue"
"CNTN3","turquoise","M1_turquoise"
"CNTN5","turquoise","M1_turquoise"
"CNTN6","midnightblue","M12_midnightblue"
"CNTNAP2","greenyellow","M13_greenyellow"
"CNTNAP3","red","M9_red"
"CNTNAP5","turquoise","M1_turquoise"
"COA3","tan","M3_tan"
"COL11A1","grey","M17_grey"
"COL12A1","tan","M3_tan"
"COL14A1","tan","M3_tan"
"COL15A1","tan","M3_tan"
"COL16A1","tan","M3_tan"
"COL21A1","tan","M3_tan"
"COL28A1","blue","M2_blue"
"COL2A1","tan","M3_tan"
"COL4A1","tan","M3_tan"
"COL4A2","salmon","M10_salmon"
"COL5A1","tan","M3_tan"
"COL5A2","greenyellow","M13_greenyellow"
"COL6A2","tan","M3_tan"
"COL8A1","salmon","M10_salmon"
"COLEC11","grey","M17_grey"
"COMP","blue","M2_blue"
"CORO1A","salmon","M10_salmon"
"CORO1B","salmon","M10_salmon"
"CORO1C","pink","M5_pink"
"COX16","tan","M3_tan"
"CPA2","blue","M2_blue"
"CPAMD8","blue","M2_blue"
"CPB1","grey","M17_grey"
"CPD","greenyellow","M13_greenyellow"
"CPLX2","yellow","M6_yellow"
"CPM","red","M9_red"
"CPN1","blue","M2_blue"
"CPPED1","grey","M17_grey"
"CPXM1","tan","M3_tan"
"CPXM2","magenta","M8_magenta"
"CRABP1","tan","M3_tan"
"CRB2","grey","M17_grey"
"CREG1","black","M7_black"
"CREG2","greenyellow","M13_greenyellow"
"CRELD1","turquoise","M1_turquoise"
"CRELD2","midnightblue","M12_midnightblue"
"CRH","turquoise","M1_turquoise"
"CRHBP","magenta","M8_magenta"
"CRIM1","grey","M17_grey"
"CRIP1","salmon","M10_salmon"
"CRIP2","salmon","M10_salmon"
"CRISP3","blue","M2_blue"
"CRISPLD1","grey","M17_grey"
"CRLF1","grey","M17_grey"
"CRYAB","salmon","M10_salmon"
"CRYM","yellow","M6_yellow"
"CSF2RA","grey","M17_grey"
"CSMD1","red","M9_red"
"CSMD2","red","M9_red"
"CSPG4","red","M9_red"
"CSPG5","turquoise","M1_turquoise"
"CSRP1","salmon","M10_salmon"
"CST1","grey","M17_grey"
"CST6","grey","M17_grey"
"CSTB","pink","M5_pink"
"CTBS","black","M7_black"
"CCN2","salmon","M10_salmon"
"CTHRC1","blue","M2_blue"
"CTSC","black","M7_black"
"CTSO","black","M7_black"
"CTSS","tan","M3_tan"
"CUEDC2","turquoise","M1_turquoise"
"CX3CL1","turquoise","M1_turquoise"
"CXADR","turquoise","M1_turquoise"
"CXCL12","tan","M3_tan"
"CCN1","yellow","M6_yellow"
"CYTL1","grey","M17_grey"
"CZIB","pink","M5_pink"
"DBH","blue","M2_blue"
"DCBLD1","greenyellow","M13_greenyellow"
"DCBLD2","blue","M2_blue"
"DCC","greenyellow","M13_greenyellow"
"DCD","lightcyan","M16_lightcyan"
"DCHS1","grey","M17_grey"
"DDAH1","yellow","M6_yellow"
"DDB1","turquoise","M1_turquoise"
"DDRGK1","grey","M17_grey"
"DDT","purple","M15_purple"
"DDX46","brown","M4_brown"
"DEFA1","blue","M2_blue"
"DEFB1","grey","M17_grey"
"DGCR2","turquoise","M1_turquoise"
"DHH","blue","M2_blue"
"DIPK2B","green","M11_green"
"DLD","yellow","M6_yellow"
"DLK1","tan","M3_tan"
"DLK2","turquoise","M1_turquoise"
"DLST","turquoise","M1_turquoise"
"DMKN","lightcyan","M16_lightcyan"
"DNAJB2","yellow","M6_yellow"
"DNAJC3","tan","M3_tan"
"DNASE1","magenta","M8_magenta"
"DNASE2","black","M7_black"
"DNM1","yellow","M6_yellow"
"DPP10","greenyellow","M13_greenyellow"
"DPP3","pink","M5_pink"
"DPT","blue","M2_blue"
"DPYSL2","pink","M5_pink"
"DRAXIN","grey","M17_grey"
"DSC1","blue","M2_blue"
"DSC2","grey","M17_grey"
"DSC3","tan","M3_tan"
"DSCAML1","red","M9_red"
"DSG2","blue","M2_blue"
"DSP","lightcyan","M16_lightcyan"
"DSTN","salmon","M10_salmon"
"DTD1","yellow","M6_yellow"
"ECE1","grey","M17_grey"
"EDIL3","magenta","M8_magenta"
"EDN3","turquoise","M1_turquoise"
"EEA1","tan","M3_tan"
"EEF1G","yellow","M6_yellow"
"EEF2","salmon","M10_salmon"
"EFCAB14","turquoise","M1_turquoise"
"EFNA1","red","M9_red"
"EFNA3","red","M9_red"
"EFNA5","green","M11_green"
"EFNB1","grey","M17_grey"
"EFNB3","turquoise","M1_turquoise"
"EGFLAM","tan","M3_tan"
"EGFR","red","M9_red"
"EIF4A2","purple","M15_purple"
"EIF4G3","blue","M2_blue"
"EIF5A","purple","M15_purple"
"ELFN2","turquoise","M1_turquoise"
"EMC10","turquoise","M1_turquoise"
"EMILIN1","black","M7_black"
"EMILIN2","tan","M3_tan"
"EMILIN3","blue","M2_blue"
"ENG","blue","M2_blue"
"ENOPH1","pink","M5_pink"
"ENPP4","red","M9_red"
"ENPP5","turquoise","M1_turquoise"
"ENPP6","black","M7_black"
"ENTPD4","midnightblue","M12_midnightblue"
"ENTPD6","cyan","M14_cyan"
"EPB41L2","purple","M15_purple"
"EPDR1","red","M9_red"
"EPHA10","turquoise","M1_turquoise"
"EPHA5","turquoise","M1_turquoise"
"EPHA6","green","M11_green"
"EPHA7","turquoise","M1_turquoise"
"EPHB2","turquoise","M1_turquoise"
"EPHB3","midnightblue","M12_midnightblue"
"EPHB4","grey","M17_grey"
"EPHB6","turquoise","M1_turquoise"
"ERAP1","grey","M17_grey"
"ERAP2","grey","M17_grey"
"ERBB3","red","M9_red"
"ERBB4","green","M11_green"
"ERLEC1","blue","M2_blue"
"ERP44","cyan","M14_cyan"
"ESAM","turquoise","M1_turquoise"
"ESD","pink","M5_pink"
"ESM1","tan","M3_tan"
"EVI2A","turquoise","M1_turquoise"
"EXT1","grey","M17_grey"
"EXT2","grey","M17_grey"
"EXTL2","turquoise","M1_turquoise"
"EXTL3","green","M11_green"
"EZR","magenta","M8_magenta"
"F11","blue","M2_blue"
"F13A1","blue","M2_blue"
"F13B","blue","M2_blue"
"F7","blue","M2_blue"
"F9","blue","M2_blue"
"FABP1","blue","M2_blue"
"FABP3","pink","M5_pink"
"FABP4","blue","M2_blue"
"FABP5","pink","M5_pink"
"FABP7","pink","M5_pink"
"FAH","blue","M2_blue"
"FAIM2","turquoise","M1_turquoise"
"NIBAN1","turquoise","M1_turquoise"
"FAM171A1","red","M9_red"
"FAM171B","grey","M17_grey"
"FAM174A","turquoise","M1_turquoise"
"TAFA1","turquoise","M1_turquoise"
"TAFA2","turquoise","M1_turquoise"
"FAM20A","blue","M2_blue"
"FAM20B","midnightblue","M12_midnightblue"
"FAM20C","grey","M17_grey"
"FAM234A","grey","M17_grey"
"FAM234B","red","M9_red"
"FAM3A","grey","M17_grey"
"FAM3B","grey","M17_grey"
"CYRIB","pink","M5_pink"
"FAP","blue","M2_blue"
"FAT1","magenta","M8_magenta"
"FAT3","grey","M17_grey"
"FBLN7","turquoise","M1_turquoise"
"FBN1","tan","M3_tan"
"FCGR2A","grey","M17_grey"
"FCGR3A","grey","M17_grey"
"FCGRT","blue","M2_blue"
"FCN3","blue","M2_blue"
"FDPS","pink","M5_pink"
"FGFBP2","blue","M2_blue"
"FGFR3","turquoise","M1_turquoise"
"FGL2","tan","M3_tan"
"FHL1","salmon","M10_salmon"
"FIBIN","tan","M3_tan"
"FITM1","blue","M2_blue"
"FJX1","midnightblue","M12_midnightblue"
"FKBP1A","pink","M5_pink"
"FKBP2","cyan","M14_cyan"
"FKRP","greenyellow","M13_greenyellow"
"FLG","lightcyan","M16_lightcyan"
"FLNA","salmon","M10_salmon"
"FLNB","blue","M2_blue"
"FLNC","tan","M3_tan"
"FLRT1","turquoise","M1_turquoise"
"FLRT2","grey","M17_grey"
"FLT3","blue","M2_blue"
"FLT4","blue","M2_blue"
"FMOD","tan","M3_tan"
"FNDC1","grey","M17_grey"
"FOLR1","magenta","M8_magenta"
"FREM2","brown","M4_brown"
"FSCN1","pink","M5_pink"
"FSTL3","tan","M3_tan"
"FSTL5","cyan","M14_cyan"
"FTH1","red","M9_red"
"FTL","grey","M17_grey"
"FUCA1","black","M7_black"
"FURIN","brown","M4_brown"
"POFUT3","green","M11_green"
"POFUT4","black","M7_black"
"FXYD1","blue","M2_blue"
"FXYD6","magenta","M8_magenta"
"FZD1","cyan","M14_cyan"
"FZD4","turquoise","M1_turquoise"
"FZD7","cyan","M14_cyan"
"GAA","black","M7_black"
"GABARAP","yellow","M6_yellow"
"GABARAPL2","yellow","M6_yellow"
"GAL3ST4","grey","M17_grey"
"GALC","grey","M17_grey"
"GALNS","black","M7_black"
"GALNT1","midnightblue","M12_midnightblue"
"GALNT11","magenta","M8_magenta"
"GALNT13","cyan","M14_cyan"
"GALNT15","black","M7_black"
"GALNT16","turquoise","M1_turquoise"
"GALNT17","red","M9_red"
"GALNT18","red","M9_red"
"GALNT4","grey","M17_grey"
"GALNT5","tan","M3_tan"
"GALNT6","turquoise","M1_turquoise"
"GALNT7","turquoise","M1_turquoise"
"GANAB","green","M11_green"
"GAS1","red","M9_red"
"GAS6","midnightblue","M12_midnightblue"
"GASK1A","grey","M17_grey"
"GBA1","black","M7_black"
"GBE1","salmon","M10_salmon"
"GDF11","midnightblue","M12_midnightblue"
"GDF15","tan","M3_tan"
"GDI1","pink","M5_pink"
"GDI2","purple","M15_purple"
"GFAP","tan","M3_tan"
"GFRA1","grey","M17_grey"
"GFRA3","brown","M4_brown"
"GGCT","yellow","M6_yellow"
"GGT7","turquoise","M1_turquoise"
"GINM1","red","M9_red"
"GJA1","grey","M17_grey"
"GLA","black","M7_black"
"GLB1","black","M7_black"
"GLG1","turquoise","M1_turquoise"
"GLO1","pink","M5_pink"
"GLOD4","pink","M5_pink"
"GLRX","pink","M5_pink"
"GLUL","pink","M5_pink"
"GNAO1","magenta","M8_magenta"
"GNAS","grey","M17_grey"
"GNB1","magenta","M8_magenta"
"GNS","black","M7_black"
"GP1BA","blue","M2_blue"
"GPC1","red","M9_red"
"GPC4","black","M7_black"
"GPC5","red","M9_red"
"GPC6","black","M7_black"
"GPLD1","blue","M2_blue"
"GPNMB","grey","M17_grey"
"GPR180","turquoise","M1_turquoise"
"GPRC5B","grey","M17_grey"
"GRB2","turquoise","M1_turquoise"
"GREM1","turquoise","M1_turquoise"
"GRIA2","greenyellow","M13_greenyellow"
"GRIA3","red","M9_red"
"GRID2","grey","M17_grey"
"GRM1","grey","M17_grey"
"GRN","tan","M3_tan"
"GRP","grey","M17_grey"
"GSR","pink","M5_pink"
"GSS","yellow","M6_yellow"
"GSTM2","grey","M17_grey"
"GSTO1","pink","M5_pink"
"GSTP1","pink","M5_pink"
"GSTT1","grey","M17_grey"
"GUCA2A","blue","M2_blue"
"GXYLT1","black","M7_black"
"GYG1","brown","M4_brown"
"H6PD","blue","M2_blue"
"HACD3","grey","M17_grey"
"HAGH","pink","M5_pink"
"HAMP","blue","M2_blue"
"HAPLN1","grey","M17_grey"
"HAPLN4","turquoise","M1_turquoise"
"HAVCR2","grey","M17_grey"
"HBG1","purple","M15_purple"
"HCRT","magenta","M8_magenta"
"HDHD2","yellow","M6_yellow"
"HEBP2","salmon","M10_salmon"
"HEG1","turquoise","M1_turquoise"
"HEPACAM","grey","M17_grey"
"HEPH","grey","M17_grey"
"HGFAC","blue","M2_blue"
"HHIP","greenyellow","M13_greenyellow"
"H2BC12","grey","M17_grey"
"H4C1","grey","M17_grey"
"HK1","yellow","M6_yellow"
"HLA-A","grey","M17_grey"
"HLA-B","grey","M17_grey"
"HLA-C","grey","M17_grey"
"HLA-DRA","grey","M17_grey"
"HLA-DRB1","grey","M17_grey"
"HLA-E","grey","M17_grey"
"HMCN1","tan","M3_tan"
"HNRNPA2B1","magenta","M8_magenta"
"HNRNPK","magenta","M8_magenta"
"HPR","blue","M2_blue"
"HPRT1","yellow","M6_yellow"
"HRNR","lightcyan","M16_lightcyan"
"HS3ST1","cyan","M14_cyan"
"HS6ST1","green","M11_green"
"HS6ST2","turquoise","M1_turquoise"
"HS6ST3","turquoise","M1_turquoise"
"HSP90AA1","pink","M5_pink"
"HSP90AB1","salmon","M10_salmon"
"HSP90B1","grey","M17_grey"
"HSPA13","black","M7_black"
"HSPA1A","pink","M5_pink"
"HSPA2","yellow","M6_yellow"
"HSPA4","pink","M5_pink"
"HSPB1","salmon","M10_salmon"
"HSPE1","yellow","M6_yellow"
"HYAL1","magenta","M8_magenta"
"ICAM1","blue","M2_blue"
"ICAM2","blue","M2_blue"
"IDH1","salmon","M10_salmon"
"IDUA","black","M7_black"
"IFI30","black","M7_black"
"IFI6","grey","M17_grey"
"IFNAR1","blue","M2_blue"
"IFNAR2","green","M11_green"
"IFNGR1","turquoise","M1_turquoise"
"IGF1","blue","M2_blue"
"IGF2R","cyan","M14_cyan"
"IGFALS","blue","M2_blue"
"IGFBP3","brown","M4_brown"
"IGFBPL1","cyan","M14_cyan"
"IGHD","brown","M4_brown"
"IGHV1-18","brown","M4_brown"
"IGHV1-2","brown","M4_brown"
"IGHV1-24","brown","M4_brown"
"IGHV1-3","blue","M2_blue"
"IGHV1-46","brown","M4_brown"
"IGHV1-58","brown","M4_brown"
"IGHV1-69","brown","M4_brown"
"IGHV1-8","brown","M4_brown"
"IGHV2-26","brown","M4_brown"
"IGHV2-5","brown","M4_brown"
"IGHV2-70","brown","M4_brown"
"IGHV2-70D","brown","M4_brown"
"IGHV3-11","brown","M4_brown"
"IGHV3-13","brown","M4_brown"
"IGHV3-15","brown","M4_brown"
"IGHV3-20","brown","M4_brown"
"IGHV3-21","brown","M4_brown"
"IGHV3-23","brown","M4_brown"
"IGHV3-43","brown","M4_brown"
"IGHV3-48","brown","M4_brown"
"IGHV3-49","brown","M4_brown"
"IGHV3-64","brown","M4_brown"
"IGHV3-64D","brown","M4_brown"
"IGHV3-66","brown","M4_brown"
"IGHV3-7","brown","M4_brown"
"IGHV3-73","brown","M4_brown"
"IGHV3-9","brown","M4_brown"
"IGHV4-28","brown","M4_brown"
"IGHV4-30-2","brown","M4_brown"
"IGHV4-34","brown","M4_brown"
"IGHV4-4","brown","M4_brown"
"IGHV5-10-1","blue","M2_blue"
"IGHV5-51","brown","M4_brown"
"IGHV6-1","brown","M4_brown"
"IGHV7-4-1","brown","M4_brown"
"IGKJ1","brown","M4_brown"
"IGKV1-12","brown","M4_brown"
"IGKV1-16","brown","M4_brown"
"IGKV1-27","brown","M4_brown"
"IGKV1-39","brown","M4_brown"
"IGKV1-6","brown","M4_brown"
"IGKV1-8","brown","M4_brown"
"IGKV1-9","brown","M4_brown"
"IGKV1D-13","brown","M4_brown"
"IGKV1D-17","brown","M4_brown"
"IGKV2-24","brown","M4_brown"
"IGKV2-29","brown","M4_brown"
"IGKV2-30","brown","M4_brown"
"IGKV2-40","brown","M4_brown"
"IGKV2D-26","brown","M4_brown"
"IGKV2D-29","blue","M2_blue"
"IGKV3-11","brown","M4_brown"
"IGKV3-15","brown","M4_brown"
"IGKV3D-15","brown","M4_brown"
"IGKV3D-20","brown","M4_brown"
"IGKV3D-7","brown","M4_brown"
"IGKV6-21","brown","M4_brown"
"IGKV6D-21","brown","M4_brown"
"IGLC7","brown","M4_brown"
"IGLL1","brown","M4_brown"
"IGLV1-36","brown","M4_brown"
"IGLV1-40","brown","M4_brown"
"IGLV1-44","brown","M4_brown"
"IGLV1-47","brown","M4_brown"
"IGLV1-51","brown","M4_brown"
"IGLV10-54","brown","M4_brown"
"IGLV2-11","brown","M4_brown"
"IGLV2-18","brown","M4_brown"
"IGLV2-23","blue","M2_blue"
"IGLV2-8","brown","M4_brown"
"IGLV3-1","brown","M4_brown"
"IGLV3-12","brown","M4_brown"
"IGLV3-25","brown","M4_brown"
"IGLV3-27","brown","M4_brown"
"IGLV3-9","brown","M4_brown"
"IGLV4-60","brown","M4_brown"
"IGLV4-69","brown","M4_brown"
"IGLV5-37","brown","M4_brown"
"IGLV5-45","brown","M4_brown"
"IGLV6-57","brown","M4_brown"
"IGLV7-46","brown","M4_brown"
"IGLV8-61","brown","M4_brown"
"IGLV9-49","brown","M4_brown"
"IGSF1","greenyellow","M13_greenyellow"
"IGSF11","blue","M2_blue"
"IGSF21","turquoise","M1_turquoise"
"IL18BP","turquoise","M1_turquoise"
"IL1RAP","blue","M2_blue"
"IL1RAPL1","greenyellow","M13_greenyellow"
"IL6R","grey","M17_grey"
"IMPA1","pink","M5_pink"
"INAFM1","turquoise","M1_turquoise"
"INAFM2","turquoise","M1_turquoise"
"INHBB","grey","M17_grey"
"INHBC","blue","M2_blue"
"INSR","grey","M17_grey"
"ISLR2","turquoise","M1_turquoise"
"ITGA1","grey","M17_grey"
"ITGA7","grey","M17_grey"
"ITGAM","pink","M5_pink"
"ITGB1","grey","M17_grey"
"ITGB2","pink","M5_pink"
"ITGB4","grey","M17_grey"
"ITGBL1","magenta","M8_magenta"
"ITIH3","blue","M2_blue"
"ITM2A","grey","M17_grey"
"ITM2C","magenta","M8_magenta"
"JAG1","greenyellow","M13_greenyellow"
"JAG2","turquoise","M1_turquoise"
"JAM2","grey","M17_grey"
"JAM3","turquoise","M1_turquoise"
"JAML","grey","M17_grey"
"JCHAIN","blue","M2_blue"
"JMJD8","magenta","M8_magenta"
"JUP","lightcyan","M16_lightcyan"
"KCTD12","brown","M4_brown"
"KDR","tan","M3_tan"
"KIAA0319L","turquoise","M1_turquoise"
"KIAA1549L","turquoise","M1_turquoise"
"KIRREL3","yellow","M6_yellow"
"KITLG","turquoise","M1_turquoise"
"KLK10","blue","M2_blue"
"KLK11","magenta","M8_magenta"
"KLK7","magenta","M8_magenta"
"KREMEN1","red","M9_red"
"KRT14","lightcyan","M16_lightcyan"
"KRT16","lightcyan","M16_lightcyan"
"KRT17","lightcyan","M16_lightcyan"
"KRT5","lightcyan","M16_lightcyan"
"KRT6B","lightcyan","M16_lightcyan"
"LAIR1","grey","M17_grey"
"LAMA4","magenta","M8_magenta"
"LAMA5","grey","M17_grey"
"LAMC3","magenta","M8_magenta"
"LAMP5","yellow","M6_yellow"
"LAP3","grey","M17_grey"
"LARGE1","turquoise","M1_turquoise"
"LASP1","pink","M5_pink"
"LAYN","turquoise","M1_turquoise"
"LBP","blue","M2_blue"
"LCN2","blue","M2_blue"
"LCP1","blue","M2_blue"
"LDLR","grey","M17_grey"
"LECT2","tan","M3_tan"
"LFNG","cyan","M14_cyan"
"LGALS3","magenta","M8_magenta"
"LGI1","magenta","M8_magenta"
"LGMN","magenta","M8_magenta"
"LHPP","yellow","M6_yellow"
"LILRA2","yellow","M6_yellow"
"LILRB1","grey","M17_grey"
"LILRB4","grey","M17_grey"
"LINGO3","red","M9_red"
"LIPA","black","M7_black"
"LMNA","blue","M2_blue"
"LNPEP","red","M9_red"
"LOXL1","tan","M3_tan"
"LOXL3","magenta","M8_magenta"
"LPA","blue","M2_blue"
"LPL","grey","M17_grey"
"LRFN2","greenyellow","M13_greenyellow"
"LRIG1","black","M7_black"
"LRIG2","greenyellow","M13_greenyellow"
"LRP11","turquoise","M1_turquoise"
"LRP1B","red","M9_red"
"LRP2","tan","M3_tan"
"LRP4","green","M11_green"
"LRP8","midnightblue","M12_midnightblue"
"LRPAP1","grey","M17_grey"
"LRRC4","red","M9_red"
"LRRC4C","greenyellow","M13_greenyellow"
"LRRN1","green","M11_green"
"LRRTM2","turquoise","M1_turquoise"
"LRTM2","turquoise","M1_turquoise"
"LSR","turquoise","M1_turquoise"
"LTA4H","blue","M2_blue"
"LTBP3","magenta","M8_magenta"
"LTF","grey","M17_grey"
"LUZP2","turquoise","M1_turquoise"
"LY6E","turquoise","M1_turquoise"
"LY75","grey","M17_grey"
"LY86","grey","M17_grey"
"LY96","tan","M3_tan"
"LYPD6B","turquoise","M1_turquoise"
"LYSMD3","turquoise","M1_turquoise"
"MAG","red","M9_red"
"MAMDC2","tan","M3_tan"
"MAN1A2","turquoise","M1_turquoise"
"MAN1C1","black","M7_black"
"MAN2B1","black","M7_black"
"MAN2B2","black","M7_black"
"MANBA","black","M7_black"
"MANEAL","turquoise","M1_turquoise"
"MANF","grey","M17_grey"
"MANSC1","turquoise","M1_turquoise"
"MAP1B","pink","M5_pink"
"MAP2","pink","M5_pink"
"MAPK1","pink","M5_pink"
"MARCKSL1","pink","M5_pink"
"MARCO","tan","M3_tan"
"MASP2","blue","M2_blue"
"MAT2A","pink","M5_pink"
"MATN2","tan","M3_tan"
"MATN3","grey","M17_grey"
"MB","purple","M15_purple"
"MBL2","blue","M2_blue"
"MBP","grey","M17_grey"
"MCMBP","blue","M2_blue"
"MDGA1","cyan","M14_cyan"
"MDGA2","greenyellow","M13_greenyellow"
"MDH2","yellow","M6_yellow"
"MDK","black","M7_black"
"ME1","pink","M5_pink"
"MEGF11","midnightblue","M12_midnightblue"
"MELTF","blue","M2_blue"
"MENT","grey","M17_grey"
"MEPE","turquoise","M1_turquoise"
"MERTK","grey","M17_grey"
"MESD","turquoise","M1_turquoise"
"MET","greenyellow","M13_greenyellow"
"METRN","tan","M3_tan"
"METRNL","tan","M3_tan"
"MFAP4","tan","M3_tan"
"MFNG","grey","M17_grey"
"MGAT2","grey","M17_grey"
"MGAT3","grey","M17_grey"
"MGAT4B","turquoise","M1_turquoise"
"MGAT5","midnightblue","M12_midnightblue"
"MGRN1","turquoise","M1_turquoise"
"MIA","tan","M3_tan"
"MIA3","green","M11_green"
"MIF","pink","M5_pink"
"MILR1","grey","M17_grey"
"MLEC","turquoise","M1_turquoise"
"MMP14","tan","M3_tan"
"MMP16","turquoise","M1_turquoise"
"MMP17","turquoise","M1_turquoise"
"MMP3","grey","M17_grey"
"MOXD1","red","M9_red"
"MPI","blue","M2_blue"
"MPZ","tan","M3_tan"
"MRC2","grey","M17_grey"
"MSLN","grey","M17_grey"
"MSN","salmon","M10_salmon"
"MSTN","midnightblue","M12_midnightblue"
"MT1F","turquoise","M1_turquoise"
"MT1HL1","grey","M17_grey"
"MT2A","yellow","M6_yellow"
"MXRA5","salmon","M10_salmon"
"MXRA7","midnightblue","M12_midnightblue"
"MXRA8","tan","M3_tan"
"MYDGF","midnightblue","M12_midnightblue"
"MYH11","salmon","M10_salmon"
"MYH9","salmon","M10_salmon"
"MYL6","salmon","M10_salmon"
"MYLK","salmon","M10_salmon"
"MYOC","blue","M2_blue"
"MYRF","turquoise","M1_turquoise"
"NAGA","black","M7_black"
"NAGLU","magenta","M8_magenta"
"NAGPA","turquoise","M1_turquoise"
"NAV1","yellow","M6_yellow"
"NAXD","pink","M5_pink"
"NAXE","yellow","M6_yellow"
"NCMAP","tan","M3_tan"
"NCR3LG1","grey","M17_grey"
"NCSTN","red","M9_red"
"NDRG2","midnightblue","M12_midnightblue"
"NDRG4","turquoise","M1_turquoise"
"NDST1","blue","M2_blue"
"NECTIN2","grey","M17_grey"
"NECTIN3","turquoise","M1_turquoise"
"NEDD8","pink","M5_pink"
"NEFL_x","pink","M5_pink"
"NEFM","pink","M5_pink"
"NELL1","turquoise","M1_turquoise"
"NENF","turquoise","M1_turquoise"
"NEU1","black","M7_black"
"NHLRC3","black","M7_black"
"NIF3L1","yellow","M6_yellow"
"NLGN1","midnightblue","M12_midnightblue"
"NLGN2","red","M9_red"
"NLGN3","black","M7_black"
"NLGN4X","cyan","M14_cyan"
"NME1","pink","M5_pink"
"NME3","grey","M17_grey"
"NOMO3","grey","M17_grey"
"NOTCH1","grey","M17_grey"
"NOTCH2","blue","M2_blue"
"NOTCH3","turquoise","M1_turquoise"
"NPC1","black","M7_black"
"NPDC1","turquoise","M1_turquoise"
"NPEPPS","yellow","M6_yellow"
"NPNT","blue","M2_blue"
"NPTN","turquoise","M1_turquoise"
"NQO2","grey","M17_grey"
"NRG3","turquoise","M1_turquoise"
"NRGN","yellow","M6_yellow"
"NRN1","turquoise","M1_turquoise"
"NRN1L","turquoise","M1_turquoise"
"NRP1","turquoise","M1_turquoise"
"NRSN2","turquoise","M1_turquoise"
"NSF","yellow","M6_yellow"
"NSFL1C","purple","M15_purple"
"NSG1","midnightblue","M12_midnightblue"
"NSG2","turquoise","M1_turquoise"
"NT5E","black","M7_black"
"NTNG2","greenyellow","M13_greenyellow"
"NTRK3","turquoise","M1_turquoise"
"NUDC","yellow","M6_yellow"
"NUDT5","brown","M4_brown"
"NUTF2","yellow","M6_yellow"
"NXPH1","green","M11_green"
"NXPH3","midnightblue","M12_midnightblue"
"OLFM2","black","M7_black"
"OLFM3","red","M9_red"
"OLFML1","tan","M3_tan"
"OLFML2A","turquoise","M1_turquoise"
"OLFML2B","magenta","M8_magenta"
"OLFML3","tan","M3_tan"
"OPALIN","blue","M2_blue"
"OS9","tan","M3_tan"
"OSCAR","blue","M2_blue"
"OSMR","tan","M3_tan"
"OSTM1","brown","M4_brown"
"OTUB1","pink","M5_pink"
"OXT","tan","M3_tan"
"PAFAH1B1","pink","M5_pink"
"PALM","turquoise","M1_turquoise"
"PAMR1","tan","M3_tan"
"PAPPA2","midnightblue","M12_midnightblue"
"PARM1","grey","M17_grey"
"PBXIP1","grey","M17_grey"
"PCDH1","turquoise","M1_turquoise"
"PCDH10","turquoise","M1_turquoise"
"PCDH12","grey","M17_grey"
"PCDH17","green","M11_green"
"PCDH18","grey","M17_grey"
"PCDH19","turquoise","M1_turquoise"
"PCDH7","turquoise","M1_turquoise"
"PCDH9","green","M11_green"
"PCDHAC2","turquoise","M1_turquoise"
"PCDHB10","turquoise","M1_turquoise"
"PCDHB16","grey","M17_grey"
"PCDHGA4","turquoise","M1_turquoise"
"PCDHGB6","grey","M17_grey"
"PCDHGC3","midnightblue","M12_midnightblue"
"PCDHGC5","turquoise","M1_turquoise"
"PCMT1","turquoise","M1_turquoise"
"PCP4","yellow","M6_yellow"
"PCP4L1","yellow","M6_yellow"
"PCSK5","grey","M17_grey"
"PCSK6","grey","M17_grey"
"PCSK9","grey","M17_grey"
"PCYOX1","grey","M17_grey"
"PDCD6IP","magenta","M8_magenta"
"PDGFA","turquoise","M1_turquoise"
"PDGFD","tan","M3_tan"
"PDGFRA","grey","M17_grey"
"PDGFRB","grey","M17_grey"
"PDGFRL","tan","M3_tan"
"PDIA4","midnightblue","M12_midnightblue"
"PDIA6","turquoise","M1_turquoise"
"PDXP","pink","M5_pink"
"PDYN","turquoise","M1_turquoise"
"PEA15","pink","M5_pink"
"PEPD","blue","M2_blue"
"PFN2","yellow","M6_yellow"
"PGAM1","pink","M5_pink"
"PGD","purple","M15_purple"
"PGLS","pink","M5_pink"
"PGM1","yellow","M6_yellow"
"PGRMC1","grey","M17_grey"
"PHPT1","salmon","M10_salmon"
"PIANP","turquoise","M1_turquoise"
"PIGR","brown","M4_brown"
"PILRA","grey","M17_grey"
"PITHD1","yellow","M6_yellow"
"PITPNA","salmon","M10_salmon"
"PKDCC","blue","M2_blue"
"PLA2G15","black","M7_black"
"PLA2G7","grey","M17_grey"
"PLAUR","grey","M17_grey"
"PLBD2","black","M7_black"
"PLD4","grey","M17_grey"
"PLD5","midnightblue","M12_midnightblue"
"PLEC","pink","M5_pink"
"PLEKHB1","grey","M17_grey"
"PLEKHB2","turquoise","M1_turquoise"
"PLOD1","black","M7_black"
"PLOD3","black","M7_black"
"PLS3","salmon","M10_salmon"
"PLXDC1","turquoise","M1_turquoise"
"PLXNA1","greenyellow","M13_greenyellow"
"PLXNA2","greenyellow","M13_greenyellow"
"PLXNA4","greenyellow","M13_greenyellow"
"PLXNB1","red","M9_red"
"PLXNB2","cyan","M14_cyan"
"PLXNB3","red","M9_red"
"PLXNC1","red","M9_red"
"PLXND1","blue","M2_blue"
"PMCH","blue","M2_blue"
"PODN","tan","M3_tan"
"PODXL","turquoise","M1_turquoise"
"POMC","grey","M17_grey"
"PON3","blue","M2_blue"
"POSTN","salmon","M10_salmon"
"PPBP","blue","M2_blue"
"PPM1L","grey","M17_grey"
"PPP1CB","blue","M2_blue"
"PPP1R7","pink","M5_pink"
"PPP3CA","pink","M5_pink"
"PPP3R1","pink","M5_pink"
"PPP5C","yellow","M6_yellow"
"PPT1","black","M7_black"
"PRAP1","tan","M3_tan"
"PRDX2","purple","M15_purple"
"PRDX3","pink","M5_pink"
"PRDX5","salmon","M10_salmon"
"PRDX6","purple","M15_purple"
"PREP","yellow","M6_yellow"
"PRG2","blue","M2_blue"
"PRKAR1A","yellow","M6_yellow"
"PRKAR1B","yellow","M6_yellow"
"PRL","magenta","M8_magenta"
"PRND","grey","M17_grey"
"PROC","blue","M2_blue"
"PROZ","blue","M2_blue"
"PRRG1","grey","M17_grey"
"PRSS2","magenta","M8_magenta"
"PRSS23","grey","M17_grey"
"PRSS8","cyan","M14_cyan"
"PSAT1","yellow","M6_yellow"
"PSMA1","pink","M5_pink"
"PSMA3","pink","M5_pink"
"PSMA4","pink","M5_pink"
"PSMA5","pink","M5_pink"
"PSMA6","pink","M5_pink"
"PSMA7","pink","M5_pink"
"PSMB1","pink","M5_pink"
"PSMB4","pink","M5_pink"
"PSMB6","pink","M5_pink"
"PSMB7","pink","M5_pink"
"PSME1","purple","M15_purple"
"PTGR1","salmon","M10_salmon"
"PTH2R","blue","M2_blue"
"PTHLH","turquoise","M1_turquoise"
"PTK7","tan","M3_tan"
"PTPA","pink","M5_pink"
"PTPRB","grey","M17_grey"
"PTPRC","grey","M17_grey"
"PTPRJ","blue","M2_blue"
"PTPRK","red","M9_red"
"PTPRM","red","M9_red"
"PTPRR","turquoise","M1_turquoise"
"PTPRT","greenyellow","M13_greenyellow"
"PTPRU","cyan","M14_cyan"
"PTTG1IP","turquoise","M1_turquoise"
"PVALB","midnightblue","M12_midnightblue"
"PVR","greenyellow","M13_greenyellow"
"PXDN","tan","M3_tan"
"PXYLP1","black","M7_black"
"PYCARD","salmon","M10_salmon"
"PYGB","magenta","M8_magenta"
"PZP","blue","M2_blue"
"QPCT","greenyellow","M13_greenyellow"
"RAB14","cyan","M14_cyan"
"RAB1A","purple","M15_purple"
"RAB2A","pink","M5_pink"
"RAB4A","red","M9_red"
"RAB4B","grey","M17_grey"
"RAB6B","grey","M17_grey"
"RAD23A","pink","M5_pink"
"RAD23B","yellow","M6_yellow"
"RAN","purple","M15_purple"
"RAP2A","purple","M15_purple"
"RARRES1","magenta","M8_magenta"
"RBBP9","brown","M4_brown"
"RBP1","blue","M2_blue"
"RBP3","black","M7_black"
"RCN1","magenta","M8_magenta"
"RCN2","cyan","M14_cyan"
"RDX","salmon","M10_salmon"
"RECK","blue","M2_blue"
"REG1A","blue","M2_blue"
"RELL1","grey","M17_grey"
"RELT","turquoise","M1_turquoise"
"REXO2","pink","M5_pink"
"RFNG","grey","M17_grey"
"RGMA","turquoise","M1_turquoise"
"RGMB","greenyellow","M13_greenyellow"
"RGN","grey","M17_grey"
"RIDA","yellow","M6_yellow"
"RMDN1","grey","M17_grey"
"RMDN3","green","M11_green"
"RNF13","green","M11_green"
"RNF130","black","M7_black"
"RNF150","turquoise","M1_turquoise"
"RNF167","green","M11_green"
"RNH1","salmon","M10_salmon"
"RNPEP","salmon","M10_salmon"
"ROBO2","greenyellow","M13_greenyellow"
"ROBO4","blue","M2_blue"
"ROR1","grey","M17_grey"
"RPH3A","turquoise","M1_turquoise"
"RTBDN","greenyellow","M13_greenyellow"
"RTN1","yellow","M6_yellow"
"RTN4RL1","greenyellow","M13_greenyellow"
"RXYLT1","grey","M17_grey"
"S100A11","salmon","M10_salmon"
"S100A13","grey","M17_grey"
"S100A4","purple","M15_purple"
"S100A6","purple","M15_purple"
"S100A7","magenta","M8_magenta"
"S100A8","lightcyan","M16_lightcyan"
"S100A9","lightcyan","M16_lightcyan"
"S100B","black","M7_black"
"S1PR1","cyan","M14_cyan"
"SAA1","blue","M2_blue"
"SAA4","blue","M2_blue"
"SACS","brown","M4_brown"
"SARAF","green","M11_green"
"SBSN","lightcyan","M16_lightcyan"
"SBSPON","blue","M2_blue"
"SCAMP1","turquoise","M1_turquoise"
"SCARF1","turquoise","M1_turquoise"
"SCGB1A1","blue","M2_blue"
"SCN1B","turquoise","M1_turquoise"
"SCN2B","turquoise","M1_turquoise"
"SCN3B","turquoise","M1_turquoise"
"SCN4B","green","M11_green"
"SCPEP1","magenta","M8_magenta"
"SCRN1","pink","M5_pink"
"SCUBE1","tan","M3_tan"
"SCUBE2","cyan","M14_cyan"
"SDC2","grey","M17_grey"
"SDCBP","magenta","M8_magenta"
"SDK2","grey","M17_grey"
"SECTM1","blue","M2_blue"
"SEL1L","turquoise","M1_turquoise"
"SELENOF","blue","M2_blue"
"SELENOM","midnightblue","M12_midnightblue"
"SEMA3A","black","M7_black"
"SEMA3B","black","M7_black"
"SEMA3C","black","M7_black"
"SEMA3D","magenta","M8_magenta"
"SEMA3E","red","M9_red"
"SEMA3F","midnightblue","M12_midnightblue"
"SEMA4C","grey","M17_grey"
"SEMA4D","red","M9_red"
"SEMA5A","black","M7_black"
"SEMA6B","red","M9_red"
"SEMA6C","cyan","M14_cyan"
"SERPINA10","blue","M2_blue"
"SERPINB1","salmon","M10_salmon"
"SERPINB6","salmon","M10_salmon"
"SERPINB9","grey","M17_grey"
"SERPINE1","salmon","M10_salmon"
"SERPINE2","green","M11_green"
"SERPINI2","grey","M17_grey"
"SF3A1","grey","M17_grey"
"SFRP1","black","M7_black"
"SFRP2","magenta","M8_magenta"
"SFRP4","tan","M3_tan"
"SGCE","turquoise","M1_turquoise"
"SH3BGRL","salmon","M10_salmon"
"SH3BGRL3","yellow","M6_yellow"
"SHBG","blue","M2_blue"
"SHH","blue","M2_blue"
"SHISA4","turquoise","M1_turquoise"
"SHISA8","midnightblue","M12_midnightblue"
"SHISA9","turquoise","M1_turquoise"
"SIGLEC14","grey","M17_grey"
"SIGLEC9","grey","M17_grey"
"SIL1","magenta","M8_magenta"
"SIRPB1","grey","M17_grey"
"SKP1","yellow","M6_yellow"
"SLC12A2","grey","M17_grey"
"SLC12A5","turquoise","M1_turquoise"
"SLC1A2","yellow","M6_yellow"
"SLC24A2","turquoise","M1_turquoise"
"SLC38A10","grey","M17_grey"
"SLC39A12","magenta","M8_magenta"
"SLC39A14","blue","M2_blue"
"SLC39A6","turquoise","M1_turquoise"
"SLC3A2","grey","M17_grey"
"SLC4A1","purple","M15_purple"
"SLC6A1","midnightblue","M12_midnightblue"
"NHERF1","magenta","M8_magenta"
"SLIT1","turquoise","M1_turquoise"
"SLIT2","turquoise","M1_turquoise"
"SLIT3","grey","M17_grey"
"SLITRK2","grey","M17_grey"
"SLITRK3","red","M9_red"
"SLITRK5","greenyellow","M13_greenyellow"
"SLITRK6","grey","M17_grey"
"SLPI","tan","M3_tan"
"SMOC2","yellow","M6_yellow"
"SMPD1","black","M7_black"
"SMPDL3A","black","M7_black"
"SMPDL3B","cyan","M14_cyan"
"SNAP25","yellow","M6_yellow"
"SNAP91","yellow","M6_yellow"
"SNCA","pink","M5_pink"
"SNCB","pink","M5_pink"
"SNCG","pink","M5_pink"
"SNED1","blue","M2_blue"
"SNX12","grey","M17_grey"
"SORCS1","greenyellow","M13_greenyellow"
"SORL1","red","M9_red"
"SORT1","red","M9_red"
"SPESP1","blue","M2_blue"
"SPINK5","blue","M2_blue"
"SPINT1","cyan","M14_cyan"
"SPON2","tan","M3_tan"
"SPRN","turquoise","M1_turquoise"
"SPTA1","purple","M15_purple"
"SPTAN1","pink","M5_pink"
"SPTB","purple","M15_purple"
"SPTBN1","magenta","M8_magenta"
"SQSTM1","blue","M2_blue"
"SRGN","black","M7_black"
"SRPX","black","M7_black"
"SSC5D","grey","M17_grey"
"SST","turquoise","M1_turquoise"
"ST13","purple","M15_purple"
"ST3GAL6","brown","M4_brown"
"ST6GAL1","tan","M3_tan"
"ST6GALNAC1","turquoise","M1_turquoise"
"ST6GALNAC2","blue","M2_blue"
"ST6GALNAC5","turquoise","M1_turquoise"
"ST8SIA3","green","M11_green"
"ST8SIA5","midnightblue","M12_midnightblue"
"STAB1","tan","M3_tan"
"STC1","tan","M3_tan"
"STIP1","purple","M15_purple"
"STMN1","yellow","M6_yellow"
"STMN3","turquoise","M1_turquoise"
"STX12","turquoise","M1_turquoise"
"STX1B","yellow","M6_yellow"
"STX7","grey","M17_grey"
"STX8","yellow","M6_yellow"
"STYK1","grey","M17_grey"
"SUMF1","grey","M17_grey"
"SUMF2","grey","M17_grey"
"SV2A","turquoise","M1_turquoise"
"SV2B","grey","M17_grey"
"SVEP1","blue","M2_blue"
"SYN1","yellow","M6_yellow"
"SYT1","yellow","M6_yellow"
"SYT2","cyan","M14_cyan"
"SYT3","turquoise","M1_turquoise"
"SYT4","grey","M17_grey"
"SYT7","cyan","M14_cyan"
"TAC1","grey","M17_grey"
"TAC3","turquoise","M1_turquoise"
"TAGLN2","salmon","M10_salmon"
"TAGLN3","pink","M5_pink"
"TAX1BP1","turquoise","M1_turquoise"
"TBCA","pink","M5_pink"
"TBCB","pink","M5_pink"
"TCN2","tan","M3_tan"
"TENM1","cyan","M14_cyan"
"TENM2","greenyellow","M13_greenyellow"
"TENM3","greenyellow","M13_greenyellow"
"TENM4","greenyellow","M13_greenyellow"
"TFF3","tan","M3_tan"
"TFPI","blue","M2_blue"
"TFRC","blue","M2_blue"
"TGFB1","salmon","M10_salmon"
"TGFB2","magenta","M8_magenta"
"TGFBR2","tan","M3_tan"
"TGM2","salmon","M10_salmon"
"THBS1","salmon","M10_salmon"
"THBS2","magenta","M8_magenta"
"THBS3","tan","M3_tan"
"THBS4","grey","M17_grey"
"THOP1","pink","M5_pink"
"THSD4","tan","M3_tan"
"THSD7A","blue","M2_blue"
"TIE1","grey","M17_grey"
"TIMP3","grey","M17_grey"
"TIMP4","cyan","M14_cyan"
"TINAGL1","blue","M2_blue"
"TKT","pink","M5_pink"
"TLN1","salmon","M10_salmon"
"TM9SF3","turquoise","M1_turquoise"
"TMED2","turquoise","M1_turquoise"
"TMED3","grey","M17_grey"
"TMED4","turquoise","M1_turquoise"
"TMED7","turquoise","M1_turquoise"
"TMEFF1","turquoise","M1_turquoise"
"TMEFF2","turquoise","M1_turquoise"
"TMEM108","grey","M17_grey"
"TMEM130","red","M9_red"
"TMEM132B","turquoise","M1_turquoise"
"TMEM132C","greenyellow","M13_greenyellow"
"TMEM132D","turquoise","M1_turquoise"
"TMEM132E","midnightblue","M12_midnightblue"
"TMEM165","grey","M17_grey"
"TMEM178A","midnightblue","M12_midnightblue"
"TMEM25","green","M11_green"
"TMEM59","turquoise","M1_turquoise"
"TMEM59L","turquoise","M1_turquoise"
"TMPRSS5","black","M7_black"
"TMSB4X","yellow","M6_yellow"
"TNC","magenta","M8_magenta"
"TNFRSF12A","yellow","M6_yellow"
"TNFRSF14","grey","M17_grey"
"TNFRSF1A","grey","M17_grey"
"TNFSF12","turquoise","M1_turquoise"
"TNFSF13","grey","M17_grey"
"TNFSF13B","tan","M3_tan"
"TOLLIP","yellow","M6_yellow"
"TOM1L2","pink","M5_pink"
"TPBG","turquoise","M1_turquoise"
"TPD52","yellow","M6_yellow"
"TPM1","salmon","M10_salmon"
"TPM3","purple","M15_purple"
"TPM4","salmon","M10_salmon"
"TPPP3","magenta","M8_magenta"
"TPST1","grey","M17_grey"
"TPT1","pink","M5_pink"
"TREM2","salmon","M10_salmon"
"TREML1","red","M9_red"
"TRHDE","red","M9_red"
"TRIL","grey","M17_grey"
"TTR","magenta","M8_magenta"
"TUBA4A","magenta","M8_magenta"
"TUBB","magenta","M8_magenta"
"TUBB4A","magenta","M8_magenta"
"TWF2","yellow","M6_yellow"
"TXNDC12","grey","M17_grey"
"TXNDC17","yellow","M6_yellow"
"TXNDC5","grey","M17_grey"
"TXNL1","pink","M5_pink"
"TXNRD1","pink","M5_pink"
"TYRO3","turquoise","M1_turquoise"
"UBA1","purple","M15_purple"
"UBB","yellow","M6_yellow"
"UBE2L3","pink","M5_pink"
"UBE2N","pink","M5_pink"
"UBE2V1","yellow","M6_yellow"
"UBL3","turquoise","M1_turquoise"
"UBQLN2","pink","M5_pink"
"UCHL1","pink","M5_pink"
"UFM1","pink","M5_pink"
"UGGT1","grey","M17_grey"
"ULBP2","red","M9_red"
"UNC5A","turquoise","M1_turquoise"
"UNC5B","turquoise","M1_turquoise"
"UNC5C","turquoise","M1_turquoise"
"UNC5D","turquoise","M1_turquoise"
"UQCC3","midnightblue","M12_midnightblue"
"USP14","purple","M15_purple"
"VAMP2","grey","M17_grey"
"VAPA","yellow","M6_yellow"
"VASN","yellow","M6_yellow"
"VAT1L","midnightblue","M12_midnightblue"
"VCAM1","tan","M3_tan"
"VCL","salmon","M10_salmon"
"VCP","purple","M15_purple"
"VEGFA","midnightblue","M12_midnightblue"
"VEGFC","green","M11_green"
"VIM","salmon","M10_salmon"
"VIP","turquoise","M1_turquoise"
"VIT","tan","M3_tan"
"VLDLR","red","M9_red"
"VMO1","tan","M3_tan"
"VNN1","blue","M2_blue"
"VPS29","blue","M2_blue"
"VSNL1","yellow","M6_yellow"
"VWA1","grey","M17_grey"
"VWA7","greenyellow","M13_greenyellow"
"VWC2","turquoise","M1_turquoise"
"VWC2L","turquoise","M1_turquoise"
"VWF","grey","M17_grey"
"WBP2","turquoise","M1_turquoise"
"WDR1","salmon","M10_salmon"
"CCN5","salmon","M10_salmon"
"WSCD1","midnightblue","M12_midnightblue"
"WSCD2","cyan","M14_cyan"
"XXYLT1","turquoise","M1_turquoise"
"XYLT1","red","M9_red"
"XYLT2","black","M7_black"
"YIPF3","turquoise","M1_turquoise"
"YKT6","pink","M5_pink"
"YWHAB","pink","M5_pink"
"YWHAE","pink","M5_pink"
"YWHAG","pink","M5_pink"
"YWHAH","pink","M5_pink"
