"Protein","Log2FC","SE","F_value","P_value","FDR","Comparison","N","Study"
"PARK7",-0.299884828618402,0.0757073955834121,15.6903408327625,9.92408441936676e-05,0.000943032029732189,"EOAD_vs_LOAD",235,"study_9"
"CXCL16",-0.150503113149606,0.0444243797472657,11.4775243010006,0.000836262586912217,0.00316196327240773,"EOAD_vs_LOAD",235,"study_9"
"NCAN",0.0277777628242202,0.0122948374220704,5.10444995467281,0.0247894351867641,0.0396011227108556,"EOAD_vs_LOAD",235,"study_9"
"DPP7",0.0606027946785508,0.071997915086365,0.708509150028275,0.400802689858206,0.433355192587806,"EOAD_vs_LOAD",235,"study_9"
"ICOSLG",-0.258043344769248,0.0616476020619801,17.5207603206582,4.03052331023444e-05,0.000573192008731531,"EOAD_vs_LOAD",235,"study_9"
"NUCB2",-0.324137955930592,0.0718805557739267,20.3346604711605,1.03038419294995e-05,0.000271362159636615,"EOAD_vs_LOAD",235,"study_9"
"PDGFB",-0.200295871661928,0.0657958839701347,9.26715749684922,0.00260568706949964,0.00705522897207741,"EOAD_vs_LOAD",235,"study_9"
"AMBP",-0.0669515573514872,0.0654569848033345,1.04618713381681,0.307476926365117,0.345911542160757,"EOAD_vs_LOAD",235,"study_9"
"SPARCL1",-0.216545368493949,0.0492822034862385,19.3071230122622,1.69515662558049e-05,0.000361068361248645,"EOAD_vs_LOAD",235,"study_9"
"AXL",-0.161853976439778,0.0586704661315112,7.61040326349918,0.00626627822349643,0.0137128485781309,"EOAD_vs_LOAD",235,"study_9"
"SPON1",-0.289661196349081,0.0884637057775139,10.7213724630541,0.00122128891889403,0.0041732813859534,"EOAD_vs_LOAD",235,"study_9"
"SPARC",-0.0715681655043019,0.02122206574889,11.3727229352252,0.000875309944446335,0.00321450031322533,"EOAD_vs_LOAD",235,"study_9"
"LYVE1",-0.266728445200787,0.0596776128531802,19.9763335698712,1.22793797586176e-05,0.000301789371759872,"EOAD_vs_LOAD",235,"study_9"
"CNDP1",-0.0903265261975061,0.0436293293025047,4.28621096618129,0.0395372805063876,0.0575497089831017,"EOAD_vs_LOAD",235,"study_9"
"PLTP",-0.149559202151429,0.057524428369156,6.75961025183512,0.00993994468472341,0.0196037797948712,"EOAD_vs_LOAD",235,"study_9"
"OMG",0.0181739951512832,0.018377838965722,0.97793937419602,0.324033567436556,0.362719912072747,"EOAD_vs_LOAD",235,"study_9"
"IGFBP6",-0.124862723993365,0.0684983360651358,3.32281044246213,0.0696296981246758,0.0925018234961909,"EOAD_vs_LOAD",235,"study_9"
"NPPC",-0.0733978468675272,0.0177885492426895,17.0249395825998,5.14835758541472e-05,0.000699957552570214,"EOAD_vs_LOAD",235,"study_9"
"PTN",0.0681928644582968,0.0415433314236113,2.69448162501683,0.102113397411289,0.128193439972129,"EOAD_vs_LOAD",235,"study_9"
"DCN",0.00305431155745151,0.0365939994455317,0.00696637608936462,0.933553647790751,0.93795720273316,"EOAD_vs_LOAD",235,"study_9"
"GALNT2",-0.140774148965369,0.0514433330323558,7.48837566422235,0.00669700313887068,0.0142646166857946,"EOAD_vs_LOAD",235,"study_9"
"CD99L2",-0.0800386164889186,0.0252038893907299,10.0847239794882,0.00170160360195671,0.00525277633647505,"EOAD_vs_LOAD",235,"study_9"
"CHI3L1",0.105817194512248,0.0200609044384895,27.8234812681421,3.06400465982352e-07,7.80810029328414e-05,"EOAD_vs_LOAD",235,"study_9"
"FAM3C",0.0277706426518662,0.0123481137160016,5.05790443516904,0.0254630485597608,0.0403744119843353,"EOAD_vs_LOAD",235,"study_9"
"CRTAC1",-0.383996539589531,0.077072037813452,24.823381243482,1.226060487494e-06,8.70502946120742e-05,"EOAD_vs_LOAD",235,"study_9"
"CTSH",-0.101180660004593,0.105170291750243,0.925569124085573,0.337039360047784,0.374553306209624,"EOAD_vs_LOAD",235,"study_9"
"TIMP1",-0.152908579193788,0.0519465515049789,8.66463478332251,0.00357480250985721,0.00888832219376947,"EOAD_vs_LOAD",235,"study_9"
"SELL",-0.170723731848572,0.0678886475619686,6.32402352550951,0.0125903247151697,0.0235930131759338,"EOAD_vs_LOAD",235,"study_9"
"TAFA5",-0.0245679480121019,0.0176086639035624,1.94663694051597,0.164582601638164,0.19649910235933,"EOAD_vs_LOAD",235,"study_9"
"TNFRSF21",-0.0271773960481188,0.0160450380590746,2.86902401411759,0.0917638541690017,0.11704012537723,"EOAD_vs_LOAD",235,"study_9"
"IGFBP7",-0.103860353440506,0.0407957249195893,6.48142176087646,0.0115710827280282,0.0219843431460258,"EOAD_vs_LOAD",235,"study_9"
"SEZ6L2",-0.0521792203452901,0.0263740251697663,3.91419392586044,0.0490588326267891,0.0696635423300405,"EOAD_vs_LOAD",235,"study_9"
"KIT",-0.288185597551254,0.0590807105576866,23.7932148041669,2.0043188101992e-06,0.000115502742432704,"EOAD_vs_LOAD",235,"study_9"
"IGFBP2",-0.0817783122499272,0.0419714503422088,3.79636825471163,0.0527378909698132,0.0739024393195409,"EOAD_vs_LOAD",235,"study_9"
"PRELP",-0.0925656747861625,0.0356369022236897,6.74683441927788,0.0100208883569118,0.0197026081848204,"EOAD_vs_LOAD",235,"study_9"
"ALCAM",-0.195655537093906,0.0613416821296335,10.1735593678302,0.00162400392726682,0.00511911803750119,"EOAD_vs_LOAD",235,"study_9"
"WFIKKN2",-0.153143019931614,0.0816516789861621,3.51774354706066,0.061990716496256,0.0842809954066118,"EOAD_vs_LOAD",235,"study_9"
"TGFBI",-0.241527298791703,0.0720619881583915,11.2336262030855,0.000937527027435985,0.00336561668837975,"EOAD_vs_LOAD",235,"study_9"
"DNER",-0.0139177957295118,0.0136732833160659,1.03608477257224,0.309837913132273,0.347955055345383,"EOAD_vs_LOAD",235,"study_9"
"CDH2",-0.171212875760134,0.0552865190190476,9.59034765420831,0.00219587440432969,0.0064365309374618,"EOAD_vs_LOAD",235,"study_9"
"MOG",0.0559457673836388,0.0217036031750625,6.64462980590414,0.0106892045757434,0.0205117168885886,"EOAD_vs_LOAD",235,"study_9"
"COL18A1",-0.18849316810659,0.0654087886387387,8.30460567039421,0.00432413315153606,0.010196018759526,"EOAD_vs_LOAD",235,"study_9"
"RTN4R",-0.0723527213805051,0.0434054281068375,2.77857199039288,0.0968972798953542,0.122514602059119,"EOAD_vs_LOAD",235,"study_9"
"COCH",-0.195694640728127,0.0982231405021959,3.96944906000078,0.0475008874006597,0.0676014856325647,"EOAD_vs_LOAD",235,"study_9"
"CD59",-0.216409967186863,0.0480627044526602,20.2739377740089,1.06166729122306e-05,0.000271362159636615,"EOAD_vs_LOAD",235,"study_9"
"TGFBR3",-0.24949162554564,0.0677679681647384,13.5538606374902,0.000288107218172522,0.00161491677554598,"EOAD_vs_LOAD",235,"study_9"
"CLSTN2",-0.188411210450278,0.0501613657281551,14.1083028807749,0.000218178629213557,0.00130295461745292,"EOAD_vs_LOAD",235,"study_9"
"APLP1",0.101046582793161,0.0327643948857733,9.51127982778573,0.00229266407333732,0.00665914701301159,"EOAD_vs_LOAD",235,"study_9"
"BCAN",0.0204995165453496,0.0108735045535548,3.55425150873329,0.0606421183704949,0.083875137746204,"EOAD_vs_LOAD",235,"study_9"
"NBL1",0.121044998701444,0.0379695922200613,10.162997862174,0.00164228356445656,0.00511911803750119,"EOAD_vs_LOAD",235,"study_9"
"SOD1",-0.0918883130185186,0.0315127450168792,8.50252829597215,0.00389319236217093,0.0094591251689248,"EOAD_vs_LOAD",235,"study_9"
"COL1A1",-0.0965583362427092,0.0450350733948971,4.59703487269114,0.033210389628387,0.0498155844425805,"EOAD_vs_LOAD",235,"study_9"
"DDR1",-0.0891720455767713,0.0456870052992721,3.80953593960252,0.0522068916559357,0.0733191291607537,"EOAD_vs_LOAD",235,"study_9"
"TPP1",-0.19095854251203,0.0606639607412627,9.90869951987126,0.00186798286479335,0.00571120119905718,"EOAD_vs_LOAD",235,"study_9"
"KLK6",0.0937609805737818,0.0283592024528568,10.9309084082774,0.00109774256412942,0.00385416207955328,"EOAD_vs_LOAD",235,"study_9"
"PCOLCE",-0.173773056974774,0.0610265113528365,8.10826239956902,0.00480533352292504,0.0109664575755325,"EOAD_vs_LOAD",235,"study_9"
"NRCAM",0.0162617151888291,0.0130553090021253,1.55152361446,0.21418738453862,0.249300070528557,"EOAD_vs_LOAD",235,"study_9"
"CNTN2",0.0220209994344565,0.0147448372231149,2.23045818880336,0.136688144357122,0.165423720159471,"EOAD_vs_LOAD",235,"study_9"
"NCAM1",-0.2384943113014,0.0595902583558179,16.0178975748716,8.44335093709391e-05,0.000856397023619525,"EOAD_vs_LOAD",235,"study_9"
"PTPRS",-0.252120619019758,0.0598165667449612,17.765349856898,3.58067649920092e-05,0.000539178704813259,"EOAD_vs_LOAD",235,"study_9"
"RARRES2",-0.0965932638954499,0.0400932527095129,5.8043166841444,0.0168205682000384,0.0294116116737645,"EOAD_vs_LOAD",235,"study_9"
"DPP6",-0.118413928675706,0.0430571980097908,7.5633474504184,0.00642732686196138,0.0139055758584583,"EOAD_vs_LOAD",235,"study_9"
"NID2",-0.169768790753572,0.0696658528504121,5.93848678298717,0.0155989766516774,0.0279208573681285,"EOAD_vs_LOAD",235,"study_9"
"CHL1",-0.308663979327647,0.0657140222205937,22.0625547847113,4.51065110604435e-06,0.000151700318776965,"EOAD_vs_LOAD",235,"study_9"
"GFRA2",-0.0652087597651647,0.0276898501969756,5.54588255220481,0.0193824504194981,0.0325931205738403,"EOAD_vs_LOAD",235,"study_9"
"VCAN",-0.113808187613225,0.0589115170237949,3.73204268127671,0.0546054577846951,0.076185343939782,"EOAD_vs_LOAD",235,"study_9"
"ENO2",-0.0894327111919653,0.0384978513617182,5.39659480293846,0.0210387848663847,0.0348015449494509,"EOAD_vs_LOAD",235,"study_9"
"SEZ6L",-0.0454089784466323,0.0133824699501635,11.5135939701946,0.00081235758973705,0.00310836227450284,"EOAD_vs_LOAD",235,"study_9"
"CTSF",-0.233336630467556,0.0720418162287919,10.4905084471613,0.00138054922666514,0.00463897788501194,"EOAD_vs_LOAD",235,"study_9"
"SELENOP",-0.313260141762467,0.119586852837242,6.86188454929524,0.00938406786614389,0.0186224203927514,"EOAD_vs_LOAD",235,"study_9"
"PODXL2",-0.0296825931095803,0.0245804078109662,1.45822825738493,0.228462580526595,0.264470269848722,"EOAD_vs_LOAD",235,"study_9"
"PEBP1",-0.166760894436716,0.0493720443509614,11.4084386368088,0.00086037146647062,0.00319638004113213,"EOAD_vs_LOAD",235,"study_9"
"CDH6",-0.167805051442257,0.0632819962763892,7.03152813564205,0.00855861404367469,0.0171344333111198,"EOAD_vs_LOAD",235,"study_9"
"EFEMP1",-0.295165326531934,0.07454752043833,15.6770474375374,0.000100351182481068,0.000943032029732189,"EOAD_vs_LOAD",235,"study_9"
"LTBP2",-0.221623395801036,0.0692574493135619,10.2399591551187,0.00156620366100792,0.00502916652956815,"EOAD_vs_LOAD",235,"study_9"
"ROBO1",-0.302422040356809,0.0846219902611859,12.7720440379311,0.000427604380441654,0.00202438063300323,"EOAD_vs_LOAD",235,"study_9"
"THY1",0.0281788823285218,0.0112736578346362,6.24766634446061,0.0131302943024352,0.0242028353878662,"EOAD_vs_LOAD",235,"study_9"
"PAM",-0.271697605376276,0.0692778146273729,15.3809536257302,0.000115664150076255,0.000972491998667457,"EOAD_vs_LOAD",235,"study_9"
"SIRPA",-0.055041741675927,0.0770111699367577,0.510830586507215,0.475496404198017,0.503884249224764,"EOAD_vs_LOAD",235,"study_9"
"QDPR",-0.112402517866871,0.0464923818015613,5.84505346738937,0.0164094802760013,0.0288861099073411,"EOAD_vs_LOAD",235,"study_9"
"FRZB",0.0613541796383785,0.0260747496375044,5.53666201489106,0.0194546726009335,0.0326287028661325,"EOAD_vs_LOAD",235,"study_9"
"SEMA7A",-0.13617908093533,0.0466539680392541,8.52007901907712,0.00387797711745848,0.0094581197635724,"EOAD_vs_LOAD",235,"study_9"
"MCFD2",-0.0546235316270778,0.0168969801437071,10.4506033301831,0.0014061215865269,0.00465099802316316,"EOAD_vs_LOAD",235,"study_9"
"PRCP",-0.207377366910688,0.0643305910261699,10.3917246082397,0.00145317729366073,0.00473765454412861,"EOAD_vs_LOAD",235,"study_9"
"MEGF9",-0.266755841287401,0.0579654593978881,21.1782130049824,6.8771190636415e-06,0.000214177480285964,"EOAD_vs_LOAD",235,"study_9"
"CSF1",-0.176710581345509,0.0435800610707152,16.4418030725438,6.84586109384315e-05,0.000825251641190289,"EOAD_vs_LOAD",235,"study_9"
"DKK3",0.0864765483382897,0.0182313307890426,22.4988308909347,3.77918067601402e-06,0.000134160913998498,"EOAD_vs_LOAD",235,"study_9"
"SPOCK1",-0.126872127520997,0.0349416948403293,13.1839185767529,0.000348630708090672,0.001793085839281,"EOAD_vs_LOAD",235,"study_9"
"CLSTN3",-0.174903780046953,0.0478329293113848,13.3704010741533,0.000316194395348919,0.00170585305014399,"EOAD_vs_LOAD",235,"study_9"
"SPINT2",-0.20745011862314,0.0591182600566992,12.3135729541485,0.000539666904562128,0.00241151854556084,"EOAD_vs_LOAD",235,"study_9"
"MMP2",-0.199459703499635,0.0717554307536666,7.72681984337877,0.00590061452783504,0.0130208496156944,"EOAD_vs_LOAD",235,"study_9"
"MFGE8",-0.316640337757582,0.0814533460353513,15.1117451652008,0.000132164980051119,0.00102991978356909,"EOAD_vs_LOAD",235,"study_9"
"PRDX1",-0.0951926281899973,0.0537464512928383,3.13694602427877,0.0778768418517906,0.101144922648972,"EOAD_vs_LOAD",235,"study_9"
"CADM3",-0.0100348886142463,0.0139881611616079,0.514640378617069,0.473856863271722,0.502980956197061,"EOAD_vs_LOAD",235,"study_9"
"SOD2",-0.136518930986075,0.0546552903169957,6.23909138261513,0.0132066149196526,0.0242500773955691,"EOAD_vs_LOAD",235,"study_9"
"CST3",0.0842367233136478,0.016657413882009,25.5733590888095,8.95615011753467e-07,8.70502946120742e-05,"EOAD_vs_LOAD",235,"study_9"
"COLEC12",-0.115794209277706,0.0435245927901807,7.07789718355829,0.00837177956150338,0.016929009936078,"EOAD_vs_LOAD",235,"study_9"
"CNTN1",-0.142115526641076,0.0438993648041007,10.4801279502874,0.00138661154309433,0.00463897788501194,"EOAD_vs_LOAD",235,"study_9"
"SORCS2",0.00192764152369573,0.0182226878912614,0.0111899377919926,0.915848260752303,0.923516559390928,"EOAD_vs_LOAD",235,"study_9"
"CD163",-0.263027725932342,0.0694643248866593,14.3376977840588,0.000195435251751171,0.00122434437126469,"EOAD_vs_LOAD",235,"study_9"
"OMD",-0.123708585655294,0.0681069379377126,3.29926327929709,0.0706348202227906,0.0930631961285839,"EOAD_vs_LOAD",235,"study_9"
"NID1",-0.222634235070355,0.0553219289607539,16.1953100316187,7.72807880318805e-05,0.000836990229701214,"EOAD_vs_LOAD",235,"study_9"
"NPTXR",0.0333670951154126,0.0167078113280274,3.98839050720752,0.0469810806877718,0.0670109610702816,"EOAD_vs_LOAD",235,"study_9"
"PPIB",-0.0808341609773988,0.0671447481773769,1.4493249581273,0.229893921385275,0.26529622914716,"EOAD_vs_LOAD",235,"study_9"
"APOM",-0.316083218229148,0.101533396350636,9.6913672070457,0.00208383510626225,0.00619335178093756,"EOAD_vs_LOAD",235,"study_9"
"WFDC2",-0.0701571348474772,0.0276929681943046,6.41807333650939,0.0119604467236226,0.0225449128507223,"EOAD_vs_LOAD",235,"study_9"
"TNXB",-0.109623401182706,0.0400268834209103,7.50072066468475,0.00664491729905265,0.0142010105488115,"EOAD_vs_LOAD",235,"study_9"
"DAG1",-0.254171596365194,0.0743408093856754,11.6895949482527,0.00074252408008399,0.00291087660842742,"EOAD_vs_LOAD",235,"study_9"
"NTRK2",-0.133092636671697,0.036437398129974,13.3417666929347,0.000321291030464562,0.00170585305014399,"EOAD_vs_LOAD",235,"study_9"
"ADAM22",-0.0730401128714639,0.0329883320993388,4.90232562981839,0.0278277117080378,0.0433705067839907,"EOAD_vs_LOAD",235,"study_9"
"CCN3",-0.111923209232284,0.0446617639111234,6.28012901730417,0.0128998409471356,0.0239622045500571,"EOAD_vs_LOAD",235,"study_9"
"CNTN4",-0.315192667383494,0.0786484668651433,16.0609669662038,8.2600319294245e-05,0.000856397023619525,"EOAD_vs_LOAD",235,"study_9"
"TNR",-0.144854877228565,0.0382921849312868,14.3102081027135,0.000199057556708953,0.00122905073980863,"EOAD_vs_LOAD",235,"study_9"
"CTSD",-0.0603832596687077,0.024840147294646,5.90914673123772,0.0158636450885184,0.0283152771272717,"EOAD_vs_LOAD",235,"study_9"
"CTSZ",-0.100239302385535,0.0543122993269391,3.40627488733913,0.0662522792002852,0.0889395092625677,"EOAD_vs_LOAD",235,"study_9"
"CANT1",-0.105863718162657,0.036155881397309,8.57307020859773,0.0037673815942073,0.00929481404902883,"EOAD_vs_LOAD",235,"study_9"
"CALR",-0.0575306707071304,0.0258885672584418,4.93836109039122,0.0272556165024776,0.0426871052575569,"EOAD_vs_LOAD",235,"study_9"
"PTPRF",-0.328655667544109,0.0767264061444889,18.3481608652727,2.69268886197867e-05,0.000502836650423652,"EOAD_vs_LOAD",235,"study_9"
"VSIG4",-0.303481097532808,0.0749278012466293,16.405040812474,6.97395753118554e-05,0.000825251641190289,"EOAD_vs_LOAD",235,"study_9"
"B4GAT1",-0.0374278912446044,0.0210691589613041,3.15570442024622,0.0770426156248578,0.100265237035202,"EOAD_vs_LOAD",235,"study_9"
"ACAN",-0.215973401612861,0.066844021267934,10.4393966622629,0.00141204008840947,0.00465099802316316,"EOAD_vs_LOAD",235,"study_9"
"ACP6",-0.178142660727617,0.11049407844429,2.59930870385188,0.108274919557126,0.135132174994147,"EOAD_vs_LOAD",235,"study_9"
"ADA",-0.204378909559273,0.0658736807463983,9.62605400835033,0.00215526308569813,0.00637598662852364,"EOAD_vs_LOAD",235,"study_9"
"ADAM23",-0.10709235396413,0.0342896898023533,9.75415869047967,0.00202133765203189,0.00603567644695505,"EOAD_vs_LOAD",235,"study_9"
"ADGRG1",-0.228859013237095,0.0885491837774129,6.67985318752806,0.0103639185559774,0.020068315022029,"EOAD_vs_LOAD",235,"study_9"
"AGRP",-0.211270018462234,0.0748736251714935,7.96192383256748,0.00518954401606366,0.0115948203715548,"EOAD_vs_LOAD",235,"study_9"
"AMIGO2",-0.127623382540245,0.041189494221589,9.60036143560242,0.00218455242651375,0.00643285253706122,"EOAD_vs_LOAD",235,"study_9"
"ANGPT2",-0.119604091241324,0.0710431196690314,2.83431439884442,0.0936098471582776,0.118683913361388,"EOAD_vs_LOAD",235,"study_9"
"ANGPTL1",-0.144570674106882,0.0575054476786228,6.32036900420402,0.0126364553659599,0.0236102192363987,"EOAD_vs_LOAD",235,"study_9"
"ANGPTL4",-0.30570136569809,0.0808995955507045,14.2791401756185,0.000200256199767837,0.00122905073980863,"EOAD_vs_LOAD",235,"study_9"
"ANGPTL7",-0.206488752958807,0.108482225331883,3.62306088239278,0.0582249356632371,0.0808820301930619,"EOAD_vs_LOAD",235,"study_9"
"ANPEP",-0.161270952700569,0.06226539666171,6.70839744452627,0.0102072812034908,0.0199331660502642,"EOAD_vs_LOAD",235,"study_9"
"AOC3",-0.150661494523768,0.049122579992891,9.40680638623678,0.00241731151477715,0.00677483358746754,"EOAD_vs_LOAD",235,"study_9"
"ARSA",-0.150190888980752,0.067409896474101,4.96409238556812,0.0268476283905158,0.0422552574914768,"EOAD_vs_LOAD",235,"study_9"
"ARSB",-0.0735245370708661,0.0633382472025346,1.34751161122755,0.246908736353765,0.283767414622403,"EOAD_vs_LOAD",235,"study_9"
"B4GALT1",-0.323162712927967,0.077472801830054,17.399788341759,4.27768907324678e-05,0.000594226808218411,"EOAD_vs_LOAD",235,"study_9"
"BAMBI",-0.11614674290974,0.0486318925637597,5.70389771551047,0.0177249403009506,0.0306114509521823,"EOAD_vs_LOAD",235,"study_9"
"BCAM",-0.211561866639327,0.0688788498396399,9.43415500176794,0.00238365994064158,0.00673964027464589,"EOAD_vs_LOAD",235,"study_9"
"BGN",-0.0264945632309712,0.0330820733958555,0.6413987175712,0.424029991374655,0.455386831072949,"EOAD_vs_LOAD",235,"study_9"
"BLMH",-0.249456570263196,0.0626566558053891,15.8509563919435,9.16182289130752e-05,0.000900677665776232,"EOAD_vs_LOAD",235,"study_9"
"BMP6",-0.150880427356737,0.0690093654793129,4.78024045043589,0.0297880531634521,0.0458664240275804,"EOAD_vs_LOAD",235,"study_9"
"BOC",-0.115933725433508,0.046359568864186,6.25375418704613,0.0130817406488882,0.0242028353878662,"EOAD_vs_LOAD",235,"study_9"
"BTN3A2",-0.290299829017425,0.0601857205736525,23.2651914713223,2.55029934686693e-06,0.000117704053617674,"EOAD_vs_LOAD",235,"study_9"
"C1QTNF1",-0.227888182233741,0.0554045427801088,16.9181494841228,5.4287615655972e-05,0.000722703883420127,"EOAD_vs_LOAD",235,"study_9"
"CA3",-0.0713724844599009,0.0794643525198391,0.80670905405863,0.370102298752936,0.404957823464257,"EOAD_vs_LOAD",235,"study_9"
"CA4",-0.319637998451078,0.0617506537429328,26.793761389353,4.88769971410588e-07,7.80810029328414e-05,"EOAD_vs_LOAD",235,"study_9"
"CACNA2D2",-0.0655554667519685,0.105567187366354,0.385620333814073,0.535220061883303,0.56343594652954,"EOAD_vs_LOAD",235,"study_9"
"CALCA",-0.0992636169403616,0.0908813666431068,1.19297266687943,0.275858872434543,0.31309737031203,"EOAD_vs_LOAD",235,"study_9"
"CAPG",-0.105865550819481,0.0566482538512364,3.4924988189295,0.0629143921372047,0.0848149716786367,"EOAD_vs_LOAD",235,"study_9"
"CCDC80",-0.257588141179353,0.0642546194620117,16.0710043443266,8.22222885746284e-05,0.000856397023619525,"EOAD_vs_LOAD",235,"study_9"
"CCL14",-0.179830173353237,0.0759691028812645,5.60339360528802,0.0187470420027277,0.031862405559194,"EOAD_vs_LOAD",235,"study_9"
"CCL15",-0.148160909343321,0.0814302097673539,3.31051959320739,0.0701781757378648,0.0926525915216851,"EOAD_vs_LOAD",235,"study_9"
"CCL16",-0.10881507634755,0.0953868653789537,1.30137059036807,0.255175329921729,0.292116132454737,"EOAD_vs_LOAD",235,"study_9"
"CCL18",-0.1864840307021,0.0986178725943442,3.57579025003032,0.0599580660875975,0.0831089028849778,"EOAD_vs_LOAD",235,"study_9"
"CCL19",-0.350704239850175,0.109118639724889,10.3296152566545,0.00149925759658506,0.00483851315261543,"EOAD_vs_LOAD",235,"study_9"
"CD109",-0.207928546291485,0.0725529734204286,8.2133022100836,0.00453924602424569,0.0106181305806733,"EOAD_vs_LOAD",235,"study_9"
"CD177",0.224521673726305,0.28451649335252,0.622732665555918,0.430836882093972,0.461920751104107,"EOAD_vs_LOAD",235,"study_9"
"CD200",-0.10834594046187,0.050445526879981,4.6129629083908,0.0327904372780174,0.049301386872125,"EOAD_vs_LOAD",235,"study_9"
"CD209",-0.373168668289735,0.0844413044096338,19.5299206367618,1.51823896400409e-05,0.000334536102758143,"EOAD_vs_LOAD",235,"study_9"
"CD46",-0.232330106319117,0.0594463995734637,15.2742491251053,0.000121939131128733,0.000995143138579144,"EOAD_vs_LOAD",235,"study_9"
"CD58",-0.224336190471201,0.0623689987529742,12.9378209689728,0.000393251085407399,0.00191822476011701,"EOAD_vs_LOAD",235,"study_9"
"CD74",-0.297742021059347,0.0784621748454007,14.3999034505428,0.00019036606397551,0.00121643914880351,"EOAD_vs_LOAD",235,"study_9"
"CD83",-0.203648182094051,0.0565007138639458,12.9913177532532,0.000382706602562168,0.00191054311747832,"EOAD_vs_LOAD",235,"study_9"
"CD84",-0.0930087629728784,0.0384972290789315,5.83698791030697,0.0164877413530046,0.028944139353214,"EOAD_vs_LOAD",235,"study_9"
"CD93",-0.206288616565179,0.069599934393046,8.78481997943931,0.00336158618327867,0.00852402210759948,"EOAD_vs_LOAD",235,"study_9"
"ADGRE5",-0.257859558953995,0.0752006288386045,11.7577311786518,0.000716875025786859,0.00286301963423627,"EOAD_vs_LOAD",235,"study_9"
"CDH1",-0.1476437151873,0.0681044363742672,4.69979725843478,0.0311798878531955,0.0476649481774926,"EOAD_vs_LOAD",235,"study_9"
"CDH3",-0.0522542860474631,0.0216049438370165,5.84975332978542,0.0164028098374763,0.0288861099073411,"EOAD_vs_LOAD",235,"study_9"
"CFHR5",-0.212821675599519,0.106176477888742,4.0176776297888,0.0462110910860231,0.0660601503444491,"EOAD_vs_LOAD",235,"study_9"
"CHIT1",0.0116261663317294,0.242453983092113,0.0022993994203137,0.96179559338638,0.963303109990434,"EOAD_vs_LOAD",235,"study_9"
"CLEC11A",-0.273257325346529,0.0780011660579657,12.272737239655,0.00055177293718177,0.00241487909022271,"EOAD_vs_LOAD",235,"study_9"
"CLEC14A",-0.286497102655803,0.0734078366429629,15.2319539388265,0.000124587560385495,0.000995143138579144,"EOAD_vs_LOAD",235,"study_9"
"CLMP",-0.112957731081074,0.0419440335576645,7.25256344034878,0.00759590103438862,0.0156573572934656,"EOAD_vs_LOAD",235,"study_9"
"CLUL1",-0.246386392380868,0.0674268681465773,13.3526498724613,0.000323017557226015,0.00170585305014399,"EOAD_vs_LOAD",235,"study_9"
"CNTN5",-0.159919256269759,0.0532724632980717,9.0114767180255,0.00297669448819523,0.00785994949568905,"EOAD_vs_LOAD",235,"study_9"
"CNTNAP2",-0.149665159257438,0.0499061932867647,8.99357862394361,0.0030149965954648,0.00792832438066669,"EOAD_vs_LOAD",235,"study_9"
"COL2A1",-0.0585455300978419,0.0486460545654724,1.44841241963161,0.23000643340771,0.26529622914716,"EOAD_vs_LOAD",235,"study_9"
"COL4A1",-0.155067124994532,0.0825264567557854,3.53063702692427,0.0614947446255869,0.0839639782387822,"EOAD_vs_LOAD",235,"study_9"
"COMP",-0.161060460551983,0.100838741534679,2.55107389777503,0.111597105474521,0.138736479373966,"EOAD_vs_LOAD",235,"study_9"
"CPA2",-0.0686572669660253,0.0810792700038972,0.717056477389358,0.398012131903427,0.431067376756424,"EOAD_vs_LOAD",235,"study_9"
"CPB1",-0.161291085680957,0.0719046895209084,5.03160221620256,0.0258324464958134,0.0408587458188732,"EOAD_vs_LOAD",235,"study_9"
"CPM",-0.068749734889618,0.0700307733051622,0.963749601682141,0.327273135052964,0.364969517100949,"EOAD_vs_LOAD",235,"study_9"
"CPXM1",-0.265221114133421,0.0938435033506461,7.9874428783394,0.00512866112556807,0.0114989981025895,"EOAD_vs_LOAD",235,"study_9"
"CRELD2",-0.392410667076626,0.0916138921207111,18.3467414532343,2.72451848266814e-05,0.000502836650423652,"EOAD_vs_LOAD",235,"study_9"
"CRHBP",-0.120649750948236,0.0508795875717608,5.62296907432476,0.0185531307847976,0.0317840497895059,"EOAD_vs_LOAD",235,"study_9"
"CRIM1",-0.269591732456693,0.0633950663487665,18.084321439357,3.06922661712071e-05,0.000516114686405298,"EOAD_vs_LOAD",235,"study_9"
"CSF2RA",0.0717268830286528,0.106005679359022,0.45783147864888,0.499310562378801,0.527370990677775,"EOAD_vs_LOAD",235,"study_9"
"CST6",-0.265609600043891,0.0799318614822357,11.0419984428402,0.00103424012922991,0.00367155245876617,"EOAD_vs_LOAD",235,"study_9"
"CSTB",-0.196314195478273,0.0706610692425048,7.71867934199707,0.00591611075628344,0.0130208496156944,"EOAD_vs_LOAD",235,"study_9"
"CTSC",0.0114438355524928,0.0654141926258398,0.0306054835701427,0.861285908452345,0.879172037541611,"EOAD_vs_LOAD",235,"study_9"
"CTSO",-0.135778571006781,0.054158409668603,6.28536729198565,0.0128600266630931,0.0239578922382405,"EOAD_vs_LOAD",235,"study_9"
"CTSS",-0.0401087224486005,0.0320017152856956,1.57083707816157,0.211403969550007,0.246509373252654,"EOAD_vs_LOAD",235,"study_9"
"CX3CL1",-0.238078960027341,0.0561716380693071,17.9641989355374,3.24532001120211e-05,0.000523747029675551,"EOAD_vs_LOAD",235,"study_9"
"CXADR",-0.167551890417906,0.0649481255693412,6.65526604292875,0.0105006336805482,0.0202105569935852,"EOAD_vs_LOAD",235,"study_9"
"CXCL10",-0.102212136312774,0.124227825244129,0.676966481448588,0.411540720782209,0.442718048114195,"EOAD_vs_LOAD",235,"study_9"
"CCN1",-0.362795143789078,0.0757039332176314,22.9660360591103,3.01323413618436e-06,0.000123864050637861,"EOAD_vs_LOAD",235,"study_9"
"DCBLD2",-0.171734241055118,0.0470072354293441,13.3470217914566,0.000319749633579079,0.00170585305014399,"EOAD_vs_LOAD",235,"study_9"
"DDAH1",-0.146638278848862,0.0566877052504689,6.69139943387079,0.0103052150915798,0.0200152961809103,"EOAD_vs_LOAD",235,"study_9"
"DLK1",-0.192536107376058,0.0659776182973674,8.51591084818187,0.00387665951140185,0.0094581197635724,"EOAD_vs_LOAD",235,"study_9"
"DLL1",-0.249816097978274,0.0632166069662011,15.6163119845556,0.000102890546624346,0.000943032029732189,"EOAD_vs_LOAD",235,"study_9"
"DPP10",-0.182185340048629,0.0605945884508977,9.03980734200768,0.00293342296370766,0.00777783101165641,"EOAD_vs_LOAD",235,"study_9"
"DRAXIN",-0.11906529347492,0.0570158869641878,4.36092486238208,0.0378628344925034,0.0554916312860313,"EOAD_vs_LOAD",235,"study_9"
"DSC2",-0.318061001286235,0.0807133037196555,15.5285389453122,0.000107893181923248,0.000952147865994613,"EOAD_vs_LOAD",235,"study_9"
"EDA2R",-0.0818720424781274,0.091414219479888,0.802128115164787,0.371560163644665,0.405858024904173,"EOAD_vs_LOAD",235,"study_9"
"EDIL3",-0.190464580719306,0.077009649263376,6.11699547410634,0.0141084659853807,0.0254669767363228,"EOAD_vs_LOAD",235,"study_9"
"EGFR",-0.223897817439924,0.0622125837579259,12.9521910937245,0.000390830356709555,0.00191822476011701,"EOAD_vs_LOAD",235,"study_9"
"ENG",-0.141144019451444,0.0416956293308234,11.4589254895902,0.000834830244415913,0.00316196327240773,"EOAD_vs_LOAD",235,"study_9"
"ENTPD6",-0.297395869149059,0.0604676341658566,24.189333928508,1.66938240006475e-06,0.000106673535364137,"EOAD_vs_LOAD",235,"study_9"
"EPHB4",-0.209666810154345,0.0531116023358999,15.5840584347546,0.00010478133663691,0.000943032029732189,"EOAD_vs_LOAD",235,"study_9"
"EPHB6",-0.304465380559492,0.0798078192472714,14.5540863861013,0.000174732962130534,0.00119046588135992,"EOAD_vs_LOAD",235,"study_9"
"ERBB3",-0.0903420307471565,0.0499798836040586,3.26730153218856,0.0719663709140564,0.0946224506462594,"EOAD_vs_LOAD",235,"study_9"
"ERBB4",-0.122969827399169,0.0474942766409223,6.70370001587222,0.0102317346862076,0.0199331660502642,"EOAD_vs_LOAD",235,"study_9"
"ESAM",-0.272092736322324,0.0711363424487805,14.6302191959844,0.000167991847901392,0.00119046588135992,"EOAD_vs_LOAD",235,"study_9"
"ESM1",-0.118681825803587,0.0701862495536604,2.85933055581259,0.0921840601587519,0.117341861437136,"EOAD_vs_LOAD",235,"study_9"
"EZR",-0.182978393129702,0.0532327983060421,11.8151985958898,0.000695670708183721,0.00281350368689492,"EOAD_vs_LOAD",235,"study_9"
"F2R",-0.097896600921187,0.174679666095262,0.314087403682434,0.575725261041723,0.600144277007604,"EOAD_vs_LOAD",235,"study_9"
"F3",-0.161253493348717,0.0524798623613056,9.44132372422748,0.00237755207679373,0.00673964027464589,"EOAD_vs_LOAD",235,"study_9"
"FABP4",-0.21241157387387,0.116735274522272,3.31094629089661,0.0701038154882031,0.0926525915216851,"EOAD_vs_LOAD",235,"study_9"
"FAM3B",-0.170882952604112,0.103558048782478,2.72288789262784,0.100279280668339,0.126138701470608,"EOAD_vs_LOAD",235,"study_9"
"FCGR2A",-0.0834737801442111,0.0976957231161761,0.730044038292779,0.393746599783026,0.427171608253571,"EOAD_vs_LOAD",235,"study_9"
"FCGR3B",-0.143401854644503,0.053616594290708,7.15337656880267,0.00801325317273925,0.0164020859525379,"EOAD_vs_LOAD",235,"study_9"
"FCN2",-0.255869332782663,0.0931914662307825,7.53848688729555,0.00651096123995796,0.0140084317586974,"EOAD_vs_LOAD",235,"study_9"
"FKBP4",-0.22873928974825,0.0650798735724556,12.3534464037012,0.000528838727714874,0.00239510314257802,"EOAD_vs_LOAD",235,"study_9"
"FLRT2",-0.148634426305191,0.055992466809955,7.04660000682802,0.00849483412110894,0.017101236355936,"EOAD_vs_LOAD",235,"study_9"
"FLT4",-0.153148905887358,0.0457815766397391,11.1904179456524,0.000958633012773818,0.00342215919085178,"EOAD_vs_LOAD",235,"study_9"
"FOLR1",-0.139062965854476,0.0395468533482933,12.3651420039991,0.000526381274572604,0.00239510314257802,"EOAD_vs_LOAD",235,"study_9"
"FST",-0.121857996396106,0.0552443698787035,4.86555087040411,0.0283758113127736,0.044117137296502,"EOAD_vs_LOAD",235,"study_9"
"FSTL3",-0.25933880374023,0.0891398962501394,8.46429435297445,0.00397387748084951,0.00955697714381334,"EOAD_vs_LOAD",235,"study_9"
"FUCA1",-0.221209792040391,0.080342282283726,7.58089298135518,0.00637372652387587,0.0138530994855669,"EOAD_vs_LOAD",235,"study_9"
"FURIN",-0.14888496109303,0.0284906877645338,27.3083711721252,3.85925004541876e-07,7.80810029328414e-05,"EOAD_vs_LOAD",235,"study_9"
"GALNT10",-0.156719350371099,0.0447880972646543,12.2439069426834,0.000559314718862224,0.00241487909022271,"EOAD_vs_LOAD",235,"study_9"
"GAS6",-0.209726888830928,0.0565050238273121,13.7763479745534,0.000257623224104791,0.00146983250181215,"EOAD_vs_LOAD",235,"study_9"
"GDF15",-0.190517410804681,0.0779350895140899,5.97589921275729,0.0152500706965211,0.0273730201547107,"EOAD_vs_LOAD",235,"study_9"
"GFRA1",-0.139659439232211,0.0558848675798071,6.24528318048783,0.0131430107661809,0.0242028353878662,"EOAD_vs_LOAD",235,"study_9"
"GFRA3",-0.136216451053732,0.0641642282648758,4.50685070629693,0.0348197672247344,0.0518733376336395,"EOAD_vs_LOAD",235,"study_9"
"GLB1",-0.0356665143294692,0.0360935964165608,0.976474755769159,0.324120610005537,0.362719912072747,"EOAD_vs_LOAD",235,"study_9"
"GLO1",-0.129639391783392,0.0568813710090584,5.1943816828702,0.0235994402703311,0.0382742191186334,"EOAD_vs_LOAD",235,"study_9"
"GLRX",-0.152103096630505,0.0556897317338168,7.45977725770602,0.00679366595419437,0.0144224337034226,"EOAD_vs_LOAD",235,"study_9"
"GP1BA",-0.147144940544838,0.0724209734690676,4.12821161315863,0.0433232889808634,0.0623504091413778,"EOAD_vs_LOAD",235,"study_9"
"GPC1",-0.189139197869569,0.073212267619758,6.67414086452496,0.0103954507145535,0.0200685589323254,"EOAD_vs_LOAD",235,"study_9"
"GPNMB",-0.203179623020341,0.0598065588810319,11.5415110195129,0.000803163384816277,0.00309169519817832,"EOAD_vs_LOAD",235,"study_9"
"GRN",-0.15838221648695,0.0594932967400731,7.08723383426576,0.00831631866932426,0.0168702464434864,"EOAD_vs_LOAD",235,"study_9"
"HAVCR2",-0.241522124747521,0.0707145565254509,11.6653076535503,0.000751793136242451,0.00291148978217531,"EOAD_vs_LOAD",235,"study_9"
"HBEGF",-0.0365534038376349,0.0231140389207114,2.50094400700809,0.115143203322835,0.142039588655003,"EOAD_vs_LOAD",235,"study_9"
"HS6ST1",-0.25658206386009,0.084872769856115,9.13936109756083,0.00278165512666055,0.00746839338628609,"EOAD_vs_LOAD",235,"study_9"
"HSPB1",-0.28628879080016,0.107100317040534,7.14541036385735,0.00805986696259295,0.0164020859525379,"EOAD_vs_LOAD",235,"study_9"
"ICAM1",-0.214485310934966,0.0635225576986785,11.4009005367956,0.000860066776178787,0.00319638004113213,"EOAD_vs_LOAD",235,"study_9"
"ICAM2",-0.244727777909157,0.0667279657835832,13.4508820003012,0.00030355988335688,0.0016867370910004,"EOAD_vs_LOAD",235,"study_9"
"IDUA",-0.082587930790901,0.0885063672209044,0.870731266818414,0.351751258327093,0.387532851846574,"EOAD_vs_LOAD",235,"study_9"
"IFNGR1",-0.169548188578303,0.0479615891213507,12.4968103755474,0.00049202494352925,0.00227828941242892,"EOAD_vs_LOAD",235,"study_9"
"IGF1R",-0.188357750434966,0.0496197145349564,14.4098170567871,0.000187691543517189,0.00121146359906549,"EOAD_vs_LOAD",235,"study_9"
"IGF2R",-0.247328141042505,0.0609874451078403,16.4462234312596,6.8437186851181e-05,0.000825251641190289,"EOAD_vs_LOAD",235,"study_9"
"IGFBP1",-0.245946061138524,0.070191579402219,12.2774935287461,0.000549935546473313,0.00241487909022271,"EOAD_vs_LOAD",235,"study_9"
"IGFBP3",-0.264796008703048,0.0763150131155176,12.039346195374,0.000620612747421885,0.00257686873551558,"EOAD_vs_LOAD",235,"study_9"
"IGFBPL1",-0.155605362441017,0.0496867692408787,9.80770967450108,0.00196329351247823,0.00591766299279995,"EOAD_vs_LOAD",235,"study_9"
"IL13RA1",-0.0653863935573054,0.0304013172168946,4.62583317422061,0.0325236604356642,0.0490156108924279,"EOAD_vs_LOAD",235,"study_9"
"IL18BP",-0.19824736078434,0.065069640112803,9.28235169666609,0.00258429126271144,0.00702707283775579,"EOAD_vs_LOAD",235,"study_9"
"IL1R1",-0.203500520592519,0.0696294065140844,8.54172651291605,0.00381798085169922,0.00938342217013769,"EOAD_vs_LOAD",235,"study_9"
"IL1R2",-0.146640304499052,0.0779879315193242,3.53550865066003,0.061328258634167,0.0839159684523184,"EOAD_vs_LOAD",235,"study_9"
"IL6R",-0.2260746320444,0.0592705812951209,14.5487369665665,0.00017512330649113,0.00119046588135992,"EOAD_vs_LOAD",235,"study_9"
"ITGAV",-0.181466850204287,0.041791214063936,18.8549170602843,2.11510047272978e-05,0.000422359125648229,"EOAD_vs_LOAD",235,"study_9"
"ITGB1",-0.275925413669656,0.067551828753697,16.6843458317928,6.07951320983841e-05,0.000776961788217349,"EOAD_vs_LOAD",235,"study_9"
"ITGB2",-0.226548801809493,0.0704167484010865,10.3507448975228,0.00147859011756027,0.0047960359650813,"EOAD_vs_LOAD",235,"study_9"
"ITM2A",-0.161307333363955,0.0710794994043881,5.15014554449549,0.0241827972131488,0.0388261492944776,"EOAD_vs_LOAD",235,"study_9"
"JAM2",-0.105738608698235,0.0356614649437124,8.79161829393346,0.00334295146183163,0.00852402210759948,"EOAD_vs_LOAD",235,"study_9"
"KDR",-0.095881527616652,0.0567963818244064,2.84989296435795,0.092739476198708,0.117814165588418,"EOAD_vs_LOAD",235,"study_9"
"KITLG",-0.233397450924759,0.0578979702701205,16.2504555178196,7.55037796316812e-05,0.000831843365252487,"EOAD_vs_LOAD",235,"study_9"
"KLK10",-0.011738945275007,0.0827625456655058,0.0201182627103479,0.887329855877479,0.898579679723786,"EOAD_vs_LOAD",235,"study_9"
"KLK11",-0.0410956601063717,0.0421222091317356,0.951852470645807,0.330275329634104,0.367675846056085,"EOAD_vs_LOAD",235,"study_9"
"LAIR1",-0.209744169534777,0.0775163877363375,7.32137651038475,0.00733085578177323,0.0154092659360299,"EOAD_vs_LOAD",235,"study_9"
"LAMA4",-0.184734878986366,0.0742766357178807,6.18576407014228,0.0135811895380071,0.0248135793807161,"EOAD_vs_LOAD",235,"study_9"
"LAYN",-0.0982177165969667,0.0622134649806671,2.49236065303672,0.11576653795125,0.142533367535355,"EOAD_vs_LOAD",235,"study_9"
"LDLR",-0.231238514006999,0.0631137404919244,13.4237081089364,0.000308008972268401,0.00169670459723714,"EOAD_vs_LOAD",235,"study_9"
"LGMN",-0.133929165481335,0.0648973314371888,4.25889219848672,0.0402136416283317,0.0582687460328888,"EOAD_vs_LOAD",235,"study_9"
"LIFR",-0.176158282909449,0.0454059169357883,15.0515503640045,0.000136195888466187,0.00103606158011778,"EOAD_vs_LOAD",235,"study_9"
"LILRB1",-0.190636090896253,0.0568179712344034,11.2574182745967,0.000926843980687521,0.00335065751154462,"EOAD_vs_LOAD",235,"study_9"
"LILRB4",-0.0915390584619422,0.048899480738791,3.504325084752,0.0624621205105657,0.0845620656912108,"EOAD_vs_LOAD",235,"study_9"
"LILRB5",-0.0926268010277778,0.0977689944377958,0.897575591609465,0.344419505945474,0.381428187693514,"EOAD_vs_LOAD",235,"study_9"
"LPL",-0.237388347298192,0.0678294620914086,12.2484757812789,0.000557833121302451,0.00241487909022271,"EOAD_vs_LOAD",235,"study_9"
"LRIG1",-0.115472874042359,0.0719082762680441,2.57870815629783,0.109674908930909,0.136612605861308,"EOAD_vs_LOAD",235,"study_9"
"LRP11",-0.174664940776758,0.0616159857013353,8.03571787814203,0.00498922003444334,0.0112654120212343,"EOAD_vs_LOAD",235,"study_9"
"LRPAP1",-0.250666035690581,0.058844261292507,18.1460772261853,2.9717470120274e-05,0.000516114686405298,"EOAD_vs_LOAD",235,"study_9"
"LRRN1",-0.163881532770852,0.0617536354581801,7.04263166311138,0.0085104744306536,0.017101236355936,"EOAD_vs_LOAD",235,"study_9"
"MANF",-0.20264372830942,0.059204901060159,11.7152352767502,0.000732199723483224,0.00288812113151716,"EOAD_vs_LOAD",235,"study_9"
"MARCO",-0.140823217910543,0.0492447245456824,8.17766099677013,0.00463672714570475,0.0107740678040194,"EOAD_vs_LOAD",235,"study_9"
"MATN2",-0.247254697685914,0.0736947777224375,11.2568188374919,0.000928116399911421,0.00335065751154462,"EOAD_vs_LOAD",235,"study_9"
"MATN3",-0.235950026006925,0.0715584428665075,10.872221603999,0.00112909714830474,0.00391517462817159,"EOAD_vs_LOAD",235,"study_9"
"MB",-0.099414506837562,0.127287775474486,0.609994798276886,0.435583995211626,0.465448449732825,"EOAD_vs_LOAD",235,"study_9"
"MBL2",-0.251140979468431,0.161238072872183,2.42605124312222,0.120715333538563,0.148340573329119,"EOAD_vs_LOAD",235,"study_9"
"MDGA1",-0.302400718946122,0.0865192958763673,12.2162999073584,0.000568294078421457,0.00243718064504235,"EOAD_vs_LOAD",235,"study_9"
"MDK",-0.265873730544765,0.0675608301721559,15.4867719686719,0.000110264385107357,0.000952147865994613,"EOAD_vs_LOAD",235,"study_9"
"MERTK",-0.202803003183071,0.0526597926204594,14.8316843729091,0.000152513770571764,0.00112018734937192,"EOAD_vs_LOAD",235,"study_9"
"MESD",-0.219468318234179,0.0588560892968359,13.904675804653,0.000241916180884452,0.00139265260887536,"EOAD_vs_LOAD",235,"study_9"
"MET",-0.263324983489793,0.055094994545386,22.8433525501986,3.11392497850954e-06,0.000123864050637861,"EOAD_vs_LOAD",235,"study_9"
"METRNL",-0.123422323193715,0.0514892926374444,5.74584072095952,0.0173279057682113,0.0300934517790704,"EOAD_vs_LOAD",235,"study_9"
"MFAP5",-0.142584165281277,0.0782014421605533,3.3243984456824,0.0695595962761808,0.0925018234961909,"EOAD_vs_LOAD",235,"study_9"
"MIA",-0.0323205049599,0.01722499499463,3.52077333159432,0.0618843871687099,0.0842809954066118,"EOAD_vs_LOAD",235,"study_9"
"MIF",-0.17041086004287,0.0703441532732936,5.86865424670327,0.0162062347100881,0.0288299233077068,"EOAD_vs_LOAD",235,"study_9"
"MILR1",-0.165827644616215,0.0702246999758047,5.57614526937754,0.0190325317478319,0.032174041764192,"EOAD_vs_LOAD",235,"study_9"
"MMP3",-0.310773742268081,0.0837754222905331,13.7611707493363,0.000260430563415763,0.00147270026568737,"EOAD_vs_LOAD",235,"study_9"
"MSLN",-0.121025231867162,0.0603254689869176,4.02485679652396,0.0460204304042569,0.0659351009603591,"EOAD_vs_LOAD",235,"study_9"
"MSTN",-0.157900329215879,0.053331908134094,8.7658054233029,0.00338694479667903,0.0085394603049155,"EOAD_vs_LOAD",235,"study_9"
"MYOC",-0.181111555712525,0.132633643119026,1.86459675730997,0.173433773375981,0.205610725764846,"EOAD_vs_LOAD",235,"study_9"
"NECTIN2",-0.13956366201079,0.0535299116819916,6.79753823433742,0.00971773574990656,0.0192248704154498,"EOAD_vs_LOAD",235,"study_9"
"NGF",-0.176221571287584,0.0432304078873147,16.6164969527035,6.27938480162256e-05,0.00078676997808565,"EOAD_vs_LOAD",235,"study_9"
"NOTCH1",-0.249388617039516,0.0547795926053653,20.7260078160937,8.54321849892195e-06,0.000248141664582324,"EOAD_vs_LOAD",235,"study_9"
"NOTCH3",-0.297341287436498,0.0765617126816315,15.0829799934651,0.000134087435786201,0.00103231170442629,"EOAD_vs_LOAD",235,"study_9"
"NPDC1",0.0195048344801698,0.0127375120749144,2.34485137590425,0.127068005675178,0.155251349190131,"EOAD_vs_LOAD",235,"study_9"
"NRP2",-0.0716385806629484,0.0506356459514265,2.00161817796798,0.158474264867596,0.189634934925832,"EOAD_vs_LOAD",235,"study_9"
"NTRK3",-0.205711339569919,0.0544712824278666,14.2620273319845,0.000201956694334751,0.00122905073980863,"EOAD_vs_LOAD",235,"study_9"
"NUDT5",-0.245131159095217,0.0675702063892751,13.1609290126164,0.000351222560424457,0.001793085839281,"EOAD_vs_LOAD",235,"study_9"
"OSCAR",-0.172963854494605,0.0679786937954768,6.47388647056086,0.0115942466982953,0.0219843431460258,"EOAD_vs_LOAD",235,"study_9"
"OSMR",-0.119196171299577,0.0390423403548303,9.32079432963747,0.00252897909997329,0.00698629636613936,"EOAD_vs_LOAD",235,"study_9"
"P4HB",-0.238594613564596,0.0476995413630906,25.0203202030925,1.12167497362246e-06,8.70502946120742e-05,"EOAD_vs_LOAD",235,"study_9"
"PAMR1",-0.326245464385244,0.0858850932161523,14.4295697739845,0.000187283807583472,0.00121146359906549,"EOAD_vs_LOAD",235,"study_9"
"PCDH17",-0.127586966029308,0.0562163047641579,5.15095825764271,0.0241484606063758,0.0388261492944776,"EOAD_vs_LOAD",235,"study_9"
"PCSK9",-0.135988849833552,0.0561596212935907,5.86351796638266,0.016242210314201,0.0288299233077068,"EOAD_vs_LOAD",235,"study_9"
"PDCD6",-0.118781742249635,0.0541354195634738,4.81433567862675,0.0292192302293848,0.0452084458028497,"EOAD_vs_LOAD",235,"study_9"
"PDGFA",-0.236119681829688,0.0559801966262279,17.7908025435162,3.5552301424222e-05,0.000539178704813259,"EOAD_vs_LOAD",235,"study_9"
"PDGFRA",-0.147352614830052,0.0542045295671638,7.3900016398479,0.00705239278218234,0.0148728679465826,"EOAD_vs_LOAD",235,"study_9"
"PDGFRB",-0.201319602425124,0.0642599093597368,9.81503631632695,0.00195503510781718,0.00591766299279995,"EOAD_vs_LOAD",235,"study_9"
"PEAR1",-0.206197990691455,0.0712066674713553,8.38547244331483,0.00414204647179991,0.00980284331659312,"EOAD_vs_LOAD",235,"study_9"
"PECAM1",-0.22155364299774,0.0609105077229783,13.2304114921527,0.000339230646431054,0.00176234457780035,"EOAD_vs_LOAD",235,"study_9"
"PILRA",-0.207207731323563,0.0650139344993675,10.1577849168623,0.00163617037499951,0.00511911803750119,"EOAD_vs_LOAD",235,"study_9"
"PILRB",-0.111180897981846,0.0591088045560374,3.53798512541128,0.0612358623603141,0.0839159684523184,"EOAD_vs_LOAD",235,"study_9"
"PLAT",-0.140834138287037,0.0653158698132501,4.64920238793887,0.0321102444955752,0.0486117337576003,"EOAD_vs_LOAD",235,"study_9"
"PLAUR",-0.260469182399096,0.0659377269471873,15.6043164874248,0.000103580265185122,0.000943032029732189,"EOAD_vs_LOAD",235,"study_9"
"PLXDC1",-0.0354454066473461,0.0217590716030853,2.65362288350832,0.104763754682435,0.131262822043286,"EOAD_vs_LOAD",235,"study_9"
"PLXNA3",-0.236919393917541,0.0776917225101631,9.29933140712649,0.00255836204957216,0.00698629636613936,"EOAD_vs_LOAD",235,"study_9"
"PLXNB1",-0.231972657066711,0.0550822164287329,17.7357998634434,3.62827610437717e-05,0.000539178704813259,"EOAD_vs_LOAD",235,"study_9"
"PLXNB2",-0.243120157693861,0.057139082123323,18.1040365715564,3.03582953664906e-05,0.000516114686405298,"EOAD_vs_LOAD",235,"study_9"
"PLXNB3",-0.141214428443496,0.0598830566326177,5.5609658106595,0.0191992794768206,0.0323702891442964,"EOAD_vs_LOAD",235,"study_9"
"PODXL",-0.226142237758822,0.0576298050841409,15.398168554805,0.000115459243893015,0.000972491998667457,"EOAD_vs_LOAD",235,"study_9"
"PON2",-0.125451679465296,0.0732977196998936,2.9293551748535,0.0883243275959096,0.113139690376558,"EOAD_vs_LOAD",235,"study_9"
"PON3",-0.136840519878099,0.0715513078829892,3.65758373716283,0.0570415882994349,0.0794108386129388,"EOAD_vs_LOAD",235,"study_9"
"PRAP1",-0.216479958660397,0.0600235907466315,13.0074285190576,0.00038014917318431,0.00191054311747832,"EOAD_vs_LOAD",235,"study_9"
"PRDX5",-0.080167610361986,0.0380464820173964,4.43985580051964,0.0361789114320629,0.0535146398265931,"EOAD_vs_LOAD",235,"study_9"
"PROC",-0.200738827994824,0.0587411270746573,11.6782621019269,0.000748812678770562,0.00291148978217531,"EOAD_vs_LOAD",235,"study_9"
"PRSS2",-0.131773324419437,0.0757948820555248,3.0225621681954,0.0834353542413334,0.107707457293358,"EOAD_vs_LOAD",235,"study_9"
"PRSS27",-0.135912972006927,0.0650209958911968,4.36932736184384,0.0376759810574402,0.0554722393910237,"EOAD_vs_LOAD",235,"study_9"
"PRSS8",-0.0393259352135464,0.0688349328946888,0.326392621236455,0.568347742481929,0.594393138209415,"EOAD_vs_LOAD",235,"study_9"
"PTK7",-0.177509672955891,0.0495462166174593,12.8358033107702,0.000415176992455172,0.00200983407711254,"EOAD_vs_LOAD",235,"study_9"
"PVALB",-0.0790496166883923,0.0261895561243903,9.11052199866093,0.00282843906005062,0.00753071899738477,"EOAD_vs_LOAD",235,"study_9"
"PVR",-0.236399746467629,0.0670215559712863,12.441278172221,0.000505704338568491,0.00232478469313141,"EOAD_vs_LOAD",235,"study_9"
"QPCT",-0.260958877652741,0.0685947768126644,14.4731164681598,0.000182298001272131,0.00121146359906549,"EOAD_vs_LOAD",235,"study_9"
"REG1A",-0.0952072539795861,0.1015480675156,0.879015943170604,0.349467262748913,0.386348755876394,"EOAD_vs_LOAD",235,"study_9"
"RELL1",-0.240133583252698,0.0671499285802449,12.7883552658945,0.00042446311534341,0.00202438063300323,"EOAD_vs_LOAD",235,"study_9"
"RET",-0.172867969676436,0.0569127214401574,9.22593427341212,0.00266186204142478,0.00717691917498073,"EOAD_vs_LOAD",235,"study_9"
"RGMA",-0.0730632053637361,0.025577667706541,8.15972572089692,0.00468263986880051,0.0107986305892338,"EOAD_vs_LOAD",235,"study_9"
"RGMB",-0.111771906027633,0.0421551606091368,7.03013746780088,0.008580623880373,0.0171344333111198,"EOAD_vs_LOAD",235,"study_9"
"ROBO2",-0.207063747158137,0.0752047026837019,7.58085414170192,0.00636780698528274,0.0138530994855669,"EOAD_vs_LOAD",235,"study_9"
"ROR1",-0.142661143084645,0.0661950903267227,4.64472323490903,0.0321795984029185,0.0486117337576003,"EOAD_vs_LOAD",235,"study_9"
"S100A11",-0.0802881475146544,0.0426673974305855,3.54087478219993,0.0611267090728866,0.0839159684523184,"EOAD_vs_LOAD",235,"study_9"
"S100A4",-0.0848548400460045,0.0590746000116164,2.06324907358378,0.152229484074465,0.182504015616478,"EOAD_vs_LOAD",235,"study_9"
"SCARF1",-0.284755195549285,0.0761560181101748,13.9808912215798,0.000232541248230683,0.00135085325108551,"EOAD_vs_LOAD",235,"study_9"
"SCARF2",-0.0753034629192184,0.0586418312074509,1.64897795372319,0.200376847688961,0.23536912807582,"EOAD_vs_LOAD",235,"study_9"
"SDC1",-0.155856505462598,0.0515787085415673,9.13080233742656,0.0027944645142441,0.00747139257155639,"EOAD_vs_LOAD",235,"study_9"
"SDC4",-0.13456533313816,0.0503271264199245,7.14927683707133,0.00803993254845358,0.0164020859525379,"EOAD_vs_LOAD",235,"study_9"
"SELPLG",-0.0573566883234911,0.0532090102947536,1.161977648016,0.282175470089751,0.319698803878282,"EOAD_vs_LOAD",235,"study_9"
"SEMA3F",-0.205984916105862,0.0645502476210627,10.1829828585431,0.00161285070787346,0.00511911803750119,"EOAD_vs_LOAD",235,"study_9"
"SEMA4C",-0.0905455777524059,0.0365605423051833,6.1335121564939,0.0139777046981817,0.0253728931680292,"EOAD_vs_LOAD",235,"study_9"
"SERPINB6",-0.0445685713945752,0.0257996744026125,2.98420721858783,0.0854106064748736,0.11003503535775,"EOAD_vs_LOAD",235,"study_9"
"SERPINE1",-0.228744943948746,0.0770220557801983,8.82008549097878,0.00329388685154794,0.0085214319762718,"EOAD_vs_LOAD",235,"study_9"
"SIGLEC9",-0.235465294553296,0.0588024722264708,16.0347664722888,8.4087261988866e-05,0.000856397023619525,"EOAD_vs_LOAD",235,"study_9"
"SIRPB1",-0.233024001292067,0.0612055241413237,14.495061682707,0.000180357946674914,0.00121146359906549,"EOAD_vs_LOAD",235,"study_9"
"SKP1",-0.187288623896398,0.056623937175552,10.9401347306301,0.00109225268150115,0.00385416207955328,"EOAD_vs_LOAD",235,"study_9"
"SLITRK2",-0.229263882632692,0.0936620002160057,5.99162231540148,0.0151152541671772,0.027207457500919,"EOAD_vs_LOAD",235,"study_9"
"SLITRK6",-0.0623771527722368,0.0855258514270772,0.531932201520897,0.466529504444342,0.496027210216197,"EOAD_vs_LOAD",235,"study_9"
"SMOC2",-0.315234837351269,0.0806526617964356,15.2767510924611,0.000122559478722691,0.000995143138579144,"EOAD_vs_LOAD",235,"study_9"
"SMPD1",-0.139120885200787,0.0627905488492166,4.90903474827129,0.0277060426848594,0.0432864578866141,"EOAD_vs_LOAD",235,"study_9"
"SORT1",-0.0624266719292796,0.0498133978808756,1.57053649010232,0.211385252106276,0.246509373252654,"EOAD_vs_LOAD",235,"study_9"
"SPINK1",-0.181937946466317,0.0973422247268423,3.49336561875349,0.0628757468873745,0.0848149716786367,"EOAD_vs_LOAD",235,"study_9"
"SPINT1",-0.231010139719889,0.0715749085852492,10.4169476474874,0.00142912204401775,0.00468312300578123,"EOAD_vs_LOAD",235,"study_9"
"SPON2",-0.12445060428689,0.0434110104706802,8.21853160377506,0.00455300121925583,0.0106181305806733,"EOAD_vs_LOAD",235,"study_9"
"ST3GAL1",-0.231093621454724,0.0591687994718151,15.2542339132821,0.00012321367854871,0.000995143138579144,"EOAD_vs_LOAD",235,"study_9"
"ST6GAL1",-0.166667422228273,0.0617768683854083,7.27863025976683,0.0074893038024046,0.0156227941793879,"EOAD_vs_LOAD",235,"study_9"
"STC1",-0.150846992764144,0.0769980026126656,3.83808328488287,0.0513745603479815,0.0723091278906612,"EOAD_vs_LOAD",235,"study_9"
"STX8",-0.250824388387504,0.0525802879106726,22.7558783925144,3.29528773214967e-06,0.000123864050637861,"EOAD_vs_LOAD",235,"study_9"
"SUMF2",-0.176215855938539,0.0507335739211794,12.0642145762706,0.000614340699036051,0.00257686873551558,"EOAD_vs_LOAD",235,"study_9"
"TCN2",-0.122133731866433,0.0732903567091457,2.77701089722035,0.0970146927103512,0.122514602059119,"EOAD_vs_LOAD",235,"study_9"
"TFF3",-0.163632006514072,0.0719437107668362,5.17309963306621,0.0238983478902283,0.0385632431865048,"EOAD_vs_LOAD",235,"study_9"
"TFPI",-0.204463492236293,0.07027061775221,8.46611192356586,0.00397833477348098,0.00955697714381334,"EOAD_vs_LOAD",235,"study_9"
"TGFA",-0.176457244387541,0.0453347012288426,15.1501687368445,0.000129734438971691,0.00102346057411001,"EOAD_vs_LOAD",235,"study_9"
"TGFB1",-0.178306448713692,0.0604294478038278,8.70636457786197,0.00350029518114283,0.00873706492480574,"EOAD_vs_LOAD",235,"study_9"
"TGFBR2",-0.166928914836468,0.0563194822515255,8.78508227166798,0.00335490719558366,0.00852402210759948,"EOAD_vs_LOAD",235,"study_9"
"TGM2",-0.165836635335302,0.0857462878475057,3.7405055242431,0.0543280678364824,0.075964191132412,"EOAD_vs_LOAD",235,"study_9"
"THBS2",0.0080134031375767,0.0138264229556376,0.335903328635266,0.562792136840719,0.590515887424006,"EOAD_vs_LOAD",235,"study_9"
"THBS4",-0.224086610227909,0.0652406331835169,11.7976492266479,0.00070258624188831,0.00282360131173981,"EOAD_vs_LOAD",235,"study_9"
"THOP1",-0.175234514117017,0.0573695140233344,9.32989928128416,0.00251944382388526,0.00698629636613936,"EOAD_vs_LOAD",235,"study_9"
"TIE1",-0.155652925789662,0.0461467694282198,11.3771103625347,0.000872497773626714,0.00321450031322533,"EOAD_vs_LOAD",235,"study_9"
"TIMP4",-0.346018610465442,0.0681264272829523,25.7969099339979,7.82436342882648e-07,8.70502946120742e-05,"EOAD_vs_LOAD",235,"study_9"
"TMPRSS5",-0.0901394763710996,0.0733856529691749,1.50871683378037,0.220578530696414,0.256272147481833,"EOAD_vs_LOAD",235,"study_9"
"TNFRSF11B",-0.155430509408428,0.0752215159642621,4.26961167571661,0.0399505399811123,0.0580190796543881,"EOAD_vs_LOAD",235,"study_9"
"TNFRSF12A",-0.248218869305702,0.0514843650520095,23.244428019926,2.57880555656877e-06,0.000117704053617674,"EOAD_vs_LOAD",235,"study_9"
"TNFRSF14",-0.209942643180155,0.0663462614398553,10.0130966898016,0.00176184155525841,0.00541258054716406,"EOAD_vs_LOAD",235,"study_9"
"TNFRSF19",-0.252781309216608,0.0665898015035671,14.4103482716936,0.000187678288834196,0.00121146359906549,"EOAD_vs_LOAD",235,"study_9"
"TNFRSF1B",-0.259061988511884,0.069028949303557,14.0846112185113,0.000220850109194919,0.00130669647940327,"EOAD_vs_LOAD",235,"study_9"
"TNFSF13",-0.202337391030038,0.0633044302596277,10.2160752377366,0.00158622606740988,0.00506799228537456,"EOAD_vs_LOAD",235,"study_9"
"TNFSF13B",-0.0812649483597259,0.0730726038711468,1.23679397484206,0.267271877327687,0.304432673105868,"EOAD_vs_LOAD",235,"study_9"
"TXNDC5",-0.205707859629411,0.0668282526222283,9.47505107145314,0.00233372095305521,0.00671733193244269,"EOAD_vs_LOAD",235,"study_9"
"TXNL1",-0.106957883826553,0.0587119796100409,3.31873179286229,0.0697769335835899,0.092505104896087,"EOAD_vs_LOAD",235,"study_9"
"TYRO3",-0.115527953122485,0.0415900337164869,7.7160602944953,0.00592943308647265,0.0130208496156944,"EOAD_vs_LOAD",235,"study_9"
"ULBP2",-0.142229252369714,0.0856501163369493,2.75754075590438,0.0981594082673665,0.123715703910941,"EOAD_vs_LOAD",235,"study_9"
"UNC5C",-0.150818016566273,0.0559429753783321,7.26800685108846,0.00753656259264108,0.0156227941793879,"EOAD_vs_LOAD",235,"study_9"
"VASN",-0.280403275431613,0.0561637419984513,24.9260862515,1.16994697029917e-06,8.70502946120742e-05,"EOAD_vs_LOAD",235,"study_9"
"VCAM1",-0.222964785200788,0.0640668749124726,12.1117102463317,0.000598014514576164,0.00253067069413357,"EOAD_vs_LOAD",235,"study_9"
"VEGFA",-0.243369540198236,0.0603461740708572,16.2642095376582,7.46919302073564e-05,0.000831843365252487,"EOAD_vs_LOAD",235,"study_9"
"VEGFD",-0.158236949630577,0.0669117950636941,5.59255730300916,0.0188650904710924,0.031975577748085,"EOAD_vs_LOAD",235,"study_9"
"VIM",0.186918492482502,0.206639361251577,0.818235726396666,0.366693548378213,0.401916256284181,"EOAD_vs_LOAD",235,"study_9"
"VWC2",-0.243993629371682,0.0610519862910196,15.9719292669578,8.65661344093408e-05,0.000864308748243262,"EOAD_vs_LOAD",235,"study_9"
"VWF",-0.222582124456912,0.0722606463483889,9.48804821095176,0.00232935409450062,0.00671733193244269,"EOAD_vs_LOAD",235,"study_9"
"WIF1",-0.301294354306284,0.0805733272650651,13.9829688917107,0.000232246737279748,0.00135085325108551,"EOAD_vs_LOAD",235,"study_9"
"CD164",0.0180927606721344,0.0105704993977292,2.92966973969009,0.0883516517964041,0.113139690376558,"EOAD_vs_LOAD",235,"study_9"
"CD300LF",-0.19351772440522,0.0958312298905422,4.0778136301326,0.0445969817422319,0.064039261423115,"EOAD_vs_LOAD",235,"study_9"
"DPP4",-0.156716204928769,0.0690961080567813,5.14423311509519,0.0242503416440181,0.0388370133095929,"EOAD_vs_LOAD",235,"study_9"
"F11R",-0.236696546011811,0.0650564957013481,13.2373944091662,0.000338051359437186,0.00176234457780035,"EOAD_vs_LOAD",235,"study_9"
"GUSB",-0.145155737602581,0.0648421039288714,5.01134402830574,0.0261494021504454,0.0412579456151471,"EOAD_vs_LOAD",235,"study_9"
"IGLC2",-0.220965894755103,0.117357242402524,3.54511805467729,0.0609765232891055,0.0839159684523184,"EOAD_vs_LOAD",235,"study_9"
"LTBR",-0.183326713932487,0.0653171779023753,7.87765003281478,0.00542894225714542,0.0120874358965712,"EOAD_vs_LOAD",235,"study_9"
"PPP2CA",-0.197233020212744,0.054005717519936,13.3376638969256,0.000322423265498249,0.00170585305014399,"EOAD_vs_LOAD",235,"study_9"
"TNFRSF6B",-0.267785521248031,0.10448025613323,6.56909777725756,0.0110088352567377,0.021061813560046,"EOAD_vs_LOAD",235,"study_9"
"APEX1",0.0532490553127005,0.0500271542214272,1.13295384334266,0.288272055046027,0.326028041016657,"EOAD_vs_LOAD",235,"study_9"
"CTSV",0.0299002012521874,0.0469255088833671,0.406003933251152,0.524644098587432,0.553213826728331,"EOAD_vs_LOAD",235,"study_9"
"YES1",-0.200877342651648,0.0451653155176846,19.7811625705032,1.34810576344455e-05,0.000317134054467315,"EOAD_vs_LOAD",235,"study_9"
"CD27",-0.168579765395378,0.0730170988962691,5.33042384407825,0.021837763213172,0.0358723154067273,"EOAD_vs_LOAD",235,"study_9"
"SPRY2",-0.284568524967848,0.0790648507637657,12.9540871488545,0.000390129863474283,0.00191822476011701,"EOAD_vs_LOAD",235,"study_9"
"CEACAM1",-0.221109471874307,0.0637030019332874,12.0474434823198,0.000621029397917683,0.00257686873551558,"EOAD_vs_LOAD",235,"study_9"
"KYAT1",-0.158044112191602,0.0586457798149847,7.26244926378029,0.00755468450928145,0.0156227941793879,"EOAD_vs_LOAD",235,"study_9"
"LILRB2",-0.13361652005366,0.0582542746005365,5.26095656248553,0.0227144393862774,0.0371215518358856,"EOAD_vs_LOAD",235,"study_9"
"ERBB2",-0.156173614597623,0.050883066038775,9.42038775026342,0.00240023715276811,0.00675661471638247,"EOAD_vs_LOAD",235,"study_9"
"KLK13",-0.0191958588087635,0.0456160561941876,0.177084122548119,0.674285952153822,0.698328563089615,"EOAD_vs_LOAD",235,"study_9"
"IL18",-0.0889010830858487,0.0600753128662272,2.18988859397784,0.140291717039124,0.16914416450566,"EOAD_vs_LOAD",235,"study_9"
"LGALS8",-0.156273070294255,0.0591029790241788,6.99116490835804,0.00874873032539006,0.0174156968159634,"EOAD_vs_LOAD",235,"study_9"
"TNFRSF11A",-0.211701906474336,0.0597373967331583,12.5590547172622,0.000479700127768788,0.0022374334426588,"EOAD_vs_LOAD",235,"study_9"
"CTDSPL",-0.0932048020473903,0.0509439889437658,3.34726951241892,0.0686206678649294,0.0915419765463255,"EOAD_vs_LOAD",235,"study_9"
"CRISP2",-0.0780044806911637,0.0706683511466658,1.21839801595389,0.27090267249694,0.308019230828371,"EOAD_vs_LOAD",235,"study_9"
"CLEC5A",-0.0956210415478269,0.0859483493275068,1.23774693402124,0.267067761640864,0.304432673105868,"EOAD_vs_LOAD",235,"study_9"
"VAMP5",0.00450329915317882,0.0267752775912561,0.0282874390962155,0.866583231404215,0.88176223704983,"EOAD_vs_LOAD",235,"study_9"
"RETN",-0.165464077079105,0.106679261740098,2.40573307675099,0.122308645103472,0.150010027295813,"EOAD_vs_LOAD",235,"study_9"
"LAIR2",-0.270805468852799,0.170627968780404,2.51892026024317,0.113848823268852,0.140714503034422,"EOAD_vs_LOAD",235,"study_9"
"CLEC7A",0.243359750884514,0.114452625212342,4.52111950909205,0.0348257618854951,0.0518733376336395,"EOAD_vs_LOAD",235,"study_9"
"CAMP",0.0393832588911489,0.145074601576503,0.0736954249810484,0.786283265028257,0.807773322111023,"EOAD_vs_LOAD",235,"study_9"
"SERPINB8",-0.184046199543963,0.0846381197109193,4.72848150314956,0.0306791621151589,0.0470119534570421,"EOAD_vs_LOAD",235,"study_9"
"TLR3",-0.20991440794685,0.063756161736459,10.840271748442,0.00114832611161183,0.00394505583505356,"EOAD_vs_LOAD",235,"study_9"
"SCARA5",-0.147935391579979,0.0644671054708204,5.26584205949366,0.0226382210849598,0.0370918545468957,"EOAD_vs_LOAD",235,"study_9"
"FOLR3",-0.105862386490521,0.0468907680360895,5.09692998643103,0.0248974237494108,0.0396744483188865,"EOAD_vs_LOAD",235,"study_9"
"SCARB2",-0.238578097901429,0.0570025722973151,17.5175044063363,4.03656344177134e-05,0.000573192008731531,"EOAD_vs_LOAD",235,"study_9"
"PGLYRP1",-0.219066464927603,0.090554898879104,5.85231778131589,0.0163601243440671,0.0288861099073411,"EOAD_vs_LOAD",235,"study_9"
"IL1RN",0.0149735807607903,0.0877762612608862,0.0291002809215709,0.864696059363522,0.881245266241293,"EOAD_vs_LOAD",235,"study_9"
"ACP5",-0.162616074928113,0.0656766213601282,6.13063333714317,0.0140166373839034,0.0253728931680292,"EOAD_vs_LOAD",235,"study_9"
"PAPPA",-0.0557231210557743,0.0650104585839476,0.734690471710762,0.392277865144655,0.426301965692916,"EOAD_vs_LOAD",235,"study_9"
"TNFRSF10C",-0.119299131329688,0.0479723623994112,6.18432566179107,0.0135911624151027,0.0248135793807161,"EOAD_vs_LOAD",235,"study_9"
"KLK8",-0.0702729297612645,0.0517468374710951,1.84420202523486,0.175792683973247,0.208021342701676,"EOAD_vs_LOAD",235,"study_9"
"CD48",-0.108843889038204,0.0622759748407154,3.05468922353286,0.0818237033520139,0.105840782271127,"EOAD_vs_LOAD",235,"study_9"
"MSR1",-0.141563996366944,0.0602668481855928,5.51758039271374,0.0196783595517229,0.0329174653234318,"EOAD_vs_LOAD",235,"study_9"
"CA9",-0.355046198140712,0.081364615707007,19.0413869206099,1.93283272134855e-05,0.000398412938368298,"EOAD_vs_LOAD",235,"study_9"
"SCGB3A2",-0.0371672969607028,0.0646585610018349,0.330422707278059,0.565965727982077,0.592872295377946,"EOAD_vs_LOAD",235,"study_9"
"CHRDL2",-0.143359559236804,0.0532797855735039,7.23983014870083,0.00764868224607065,0.0157154596631484,"EOAD_vs_LOAD",235,"study_9"
"KYNU",-0.17544775322142,0.0728630271917511,5.79803991488303,0.0168460874375553,0.0294116116737645,"EOAD_vs_LOAD",235,"study_9"
"NOMO1",-0.159888430995188,0.0757202030652018,4.45872350394626,0.035790370497946,0.053186155228343,"EOAD_vs_LOAD",235,"study_9"
"TYMP",-0.198264118188904,0.0915889546825908,4.68599737267737,0.0314578181555223,0.047860823336616,"EOAD_vs_LOAD",235,"study_9"
"TNRC18",-0.10987684063466,0.0473089648236676,5.39418002117529,0.0210769920116393,0.0348015449494509,"EOAD_vs_LOAD",235,"study_9"
"ADM2",-0.146604785512321,0.0459847809072299,10.1640794343773,0.00162849438754162,0.00511911803750119,"EOAD_vs_LOAD",235,"study_9"
"ANGPT4",-0.1511704924451,0.0719925743682017,4.40918831949576,0.0369302453008027,0.0544998308249721,"EOAD_vs_LOAD",235,"study_9"
"APPBP2",-0.0638263641859869,0.0224281896294223,8.09863401218806,0.00483230029561853,0.0109887540530258,"EOAD_vs_LOAD",235,"study_9"
"C2CD3",-0.277539074639472,0.0856438143107694,10.5016192790546,0.00136711862956729,0.0046221629856799,"EOAD_vs_LOAD",235,"study_9"
"CLDN4",-0.0782829784814805,0.0215693287437831,13.1722942289508,0.000353566221830056,0.001793085839281,"EOAD_vs_LOAD",235,"study_9"
"CD300C",-0.170136172485564,0.0595431300710655,8.16450754644546,0.00465989173268499,0.0107886623811076,"EOAD_vs_LOAD",235,"study_9"
"PRTG",-0.140909147412584,0.0461340925346107,9.32898531733772,0.00252220921586048,0.00698629636613936,"EOAD_vs_LOAD",235,"study_9"
"CRTAM",-0.116182713230825,0.0467952115992219,6.16424934885606,0.0137426689517053,0.025018705014643,"EOAD_vs_LOAD",235,"study_9"
"CD38",-0.239973093045057,0.082711861148668,8.41762379148948,0.00407643361653081,0.00968342409279995,"EOAD_vs_LOAD",235,"study_9"
"SIGLEC1",-0.12719390035958,0.0644630043959259,3.89324276186376,0.0496668216320131,0.0702148208470274,"EOAD_vs_LOAD",235,"study_9"
"CLEC1B",-0.199234345513196,0.0953852382240584,4.36280776668502,0.0378251133453539,0.0554916312860313,"EOAD_vs_LOAD",235,"study_9"
"RSPO1",-0.0502237269693788,0.0367698619869199,1.86566590665179,0.173322343140408,0.205610725764846,"EOAD_vs_LOAD",235,"study_9"
"MME",-0.0722055419997083,0.0467921100792656,2.38119961968421,0.12418296871606,0.152017082393798,"EOAD_vs_LOAD",235,"study_9"
"WFIKKN1",-0.0638018606956109,0.0430936828915854,2.19199452949306,0.140080871132799,0.16914416450566,"EOAD_vs_LOAD",235,"study_9"
"GZMA",-0.0594804148928985,0.0709988079612848,0.701852520741436,0.403046249846884,0.43504485414216,"EOAD_vs_LOAD",235,"study_9"
"ACVRL1",-0.263507990670822,0.0573255962455861,21.1295582608422,7.03869653521948e-06,0.000214177480285964,"EOAD_vs_LOAD",235,"study_9"
"TUBGCP5",-0.186168754085594,0.0622034400873506,8.95745793977569,0.00306119805441453,0.00801682605233969,"EOAD_vs_LOAD",235,"study_9"
"BMP4",-0.0786283811023623,0.0689845042872447,1.29913885574944,0.255544472679496,0.292116132454737,"EOAD_vs_LOAD",235,"study_9"
"ACER1",-0.158655657936206,0.0512575222389326,9.58067065734796,0.00220744406217619,0.00644089842799355,"EOAD_vs_LOAD",235,"study_9"
"IL12B",-0.117325887911855,0.0654422314059677,3.214189668539,0.0744936838765051,0.0975439836005876,"EOAD_vs_LOAD",235,"study_9"
"DKK4",-0.179393029700204,0.0583905909631482,9.43898699476848,0.00237895609274922,0.00673964027464589,"EOAD_vs_LOAD",235,"study_9"
"CD200R1",-0.0440336829860747,0.0386069898595486,1.30088270499367,0.255223053414138,0.292116132454737,"EOAD_vs_LOAD",235,"study_9"
"ANGPT1",-0.134792359889545,0.0605947661915435,4.94834903789981,0.0270772445924959,0.0425119392987835,"EOAD_vs_LOAD",235,"study_9"
"IL6",-0.24442873483789,0.0801437369813743,9.30176453563941,0.00255500301687576,0.00698629636613936,"EOAD_vs_LOAD",235,"study_9"
"TNFRSF10A",-0.157108018119082,0.0407443686296145,14.8683068506257,0.000149360843914498,0.0011097858053647,"EOAD_vs_LOAD",235,"study_9"
"TNFRSF10B",-0.21216368803587,0.0611901213465272,12.0220763935891,0.000626293450567026,0.0025819452574989,"EOAD_vs_LOAD",235,"study_9"
"TEK",-0.137384495640201,0.0539078572205926,6.49488264921116,0.0114615983788907,0.0218625712361528,"EOAD_vs_LOAD",235,"study_9"
"IL1RL2",-0.166510261321522,0.0583922073015134,8.13152908763396,0.00474076139649557,0.0108578728758447,"EOAD_vs_LOAD",235,"study_9"
"IL27",-0.0872293019602655,0.0582934104716648,2.23916380351608,0.135907304387364,0.165104120729136,"EOAD_vs_LOAD",235,"study_9"
"IL17D",-0.152744979813721,0.0637282938348014,5.74472584700047,0.0173308141701063,0.0300934517790704,"EOAD_vs_LOAD",235,"study_9"
"CXCL1",-0.0811306199227912,0.0620354527508324,1.71036844907853,0.192228333204518,0.226213452887084,"EOAD_vs_LOAD",235,"study_9"
"ALOX15",-0.00271267387066221,0.0345666249061265,0.00615858889164494,0.937516456561592,0.940459993316888,"EOAD_vs_LOAD",235,"study_9"
"LGALS9",-0.0738632045608778,0.0456979674034378,2.61253744698514,0.107383404875929,0.134281792007277,"EOAD_vs_LOAD",235,"study_9"
"CTRC",0.0845418755016039,0.0907487795856488,0.867884974836278,0.352522286836991,0.387713840428292,"EOAD_vs_LOAD",235,"study_9"
"GH1",0.014241589269175,0.135340705135761,0.0110728659726477,0.91629029523294,0.923516559390928,"EOAD_vs_LOAD",235,"study_9"
"HAVCR1",-0.123327511976633,0.055997860160427,4.85039465675299,0.028701967362181,0.0445159153991108,"EOAD_vs_LOAD",235,"study_9"
"TMEM127",-0.0428132448657772,0.0751694695505851,0.324394377590445,0.569549890082737,0.594677091115799,"EOAD_vs_LOAD",235,"study_9"
"HMOX1",-0.24462621791725,0.0740703941145982,10.9072857473157,0.00110895323853789,0.00387224655423885,"EOAD_vs_LOAD",235,"study_9"
"XCL1",-0.16518648080242,0.0881859543463844,3.5087317229458,0.0623015700758884,0.0845237861539123,"EOAD_vs_LOAD",235,"study_9"
"IL16",-0.132383134575168,0.0525272132982418,6.35179683090312,0.0124094686527037,0.0233225013796402,"EOAD_vs_LOAD",235,"study_9"
"CCL17",-0.108625522714348,0.089158134152172,1.48436879596538,0.22435577409039,0.26018754926272,"EOAD_vs_LOAD",235,"study_9"
"CCL3",-0.0984096694445538,0.053589735002915,3.37219225855667,0.0675942778606091,0.0903613881860443,"EOAD_vs_LOAD",235,"study_9"
"MMP7",-0.0209154044627442,0.116674585778254,0.0321351254283388,0.857887896338322,0.8771045852163,"EOAD_vs_LOAD",235,"study_9"
"DKK1",-0.18966173711862,0.0586921296025945,10.4423852650032,0.00140950760643292,0.00465099802316316,"EOAD_vs_LOAD",235,"study_9"
"FABP2",0.0285885226450131,0.0824486116884229,0.120231075467078,0.729110732624182,0.752668429962605,"EOAD_vs_LOAD",235,"study_9"
"MMP12",0.0477983424259989,0.200376632202387,0.056902523446399,0.811670674005825,0.831181988284811,"EOAD_vs_LOAD",235,"study_9"
"TNFRSF13B",-0.0990665214052204,0.0778346603968283,1.61997292967151,0.204383505677527,0.239196080820402,"EOAD_vs_LOAD",235,"study_9"
"CD4",-0.102863388367964,0.0429625790033056,5.73245909779999,0.0174510357334848,0.0302200862701809,"EOAD_vs_LOAD",235,"study_9"
"CXCL8",-0.116887689350685,0.0570497440424183,4.19788122557477,0.041604132997901,0.0600113792001326,"EOAD_vs_LOAD",235,"study_9"
"CDCP1",-0.182543153846748,0.0615563903377826,8.79396655405653,0.0033422113186125,0.00852402210759948,"EOAD_vs_LOAD",235,"study_9"
"CD244",0.0193002229794401,0.0551037969440232,0.122676563833207,0.726470148294805,0.751156027120356,"EOAD_vs_LOAD",235,"study_9"
"IL7",-0.0625019492766112,0.0468384316575271,1.78066587062474,0.183382284223802,0.216601256227375,"EOAD_vs_LOAD",235,"study_9"
"IL36A",-0.27812372521464,0.0798493906141218,12.1320128963179,0.000591856342303353,0.00252130801821228,"EOAD_vs_LOAD",235,"study_9"
"MCPH1",-0.109733237999674,0.0642794455613652,2.91428583083857,0.0891790815493016,0.113970866220007,"EOAD_vs_LOAD",235,"study_9"
"CXCL11",-0.105969688335739,0.113391861476736,0.873372562833855,0.351062350950397,0.387441869183598,"EOAD_vs_LOAD",235,"study_9"
"TNFSF10",-0.106148230403653,0.0470758958783772,5.08426676850921,0.0250819419774658,0.0398690570238822,"EOAD_vs_LOAD",235,"study_9"
"CXCL9",-0.131593370948527,0.133378147530848,0.973416406273909,0.324870206986447,0.362923185776817,"EOAD_vs_LOAD",235,"study_9"
"CST5",-0.0485353118756198,0.014054331147845,11.9260131795542,0.000657393909613433,0.00269278659130118,"EOAD_vs_LOAD",235,"study_9"
"CCL4",-0.0944559260825311,0.0654457271360104,2.08303144554129,0.15029902880961,0.1805283447544,"EOAD_vs_LOAD",235,"study_9"
"CUL1",-0.229321120536089,0.0597135023417021,14.7483359479623,0.000158529335370394,0.00115113915115547,"EOAD_vs_LOAD",235,"study_9"
"CCL11",-0.00885746376480023,0.0589093048013381,0.0226074184812879,0.880614010782331,0.893194210936364,"EOAD_vs_LOAD",235,"study_9"
"TNFSF14",-0.00680455176071748,0.0489139811831384,0.0193523192441361,0.889481978824036,0.899333836184429,"EOAD_vs_LOAD",235,"study_9"
"FGF5",-0.234556231023403,0.0581881075348248,16.2489567812057,7.52685031564209e-05,0.000831843365252487,"EOAD_vs_LOAD",235,"study_9"
"IL10RB",-0.153824649529454,0.0529086426710762,8.4527617510568,0.00399672695453749,0.00956520046423017,"EOAD_vs_LOAD",235,"study_9"
"IL18R1",-0.219750640840843,0.0747143365219743,8.65072312317079,0.00359892780441317,0.00891362351558144,"EOAD_vs_LOAD",235,"study_9"
"CD274",-0.180049767251167,0.0585471874555887,9.45742824389126,0.00235416412261131,0.00673964027464589,"EOAD_vs_LOAD",235,"study_9"
"CXCL5",-0.144812309543307,0.0607848414280663,5.67571243930576,0.0180100778564794,0.031020053235284,"EOAD_vs_LOAD",235,"study_9"
"HGF",-0.165236993352472,0.0582367650442187,8.05044862160316,0.00495010789539079,0.0112167338480664,"EOAD_vs_LOAD",235,"study_9"
"MMP10",-0.131200335704141,0.0732222502946243,3.21058187231733,0.0744629290745719,0.0975439836005876,"EOAD_vs_LOAD",235,"study_9"
"CCL23",-0.319822806367891,0.0601858431802951,28.2377546971678,2.56102103022699e-07,7.80810029328414e-05,"EOAD_vs_LOAD",235,"study_9"
"CD5",-0.0610867283132838,0.0595654429577231,1.05173173867242,0.306227528882037,0.345113564295629,"EOAD_vs_LOAD",235,"study_9"
"FLT3LG",-0.112144014073199,0.0526951830015456,4.52908383925697,0.034373582886646,0.0514396240387981,"EOAD_vs_LOAD",235,"study_9"
"CXCL6",-0.155103405085739,0.0841717980600657,3.3955447261439,0.0666481142285518,0.0892833228344751,"EOAD_vs_LOAD",235,"study_9"
"EIF4EBP1",-0.235590904618475,0.0670642166894203,12.3405730383448,0.000532245142795115,0.00239510314257802,"EOAD_vs_LOAD",235,"study_9"
"SIRT2",-0.210003444180811,0.0625881988958055,11.2581732311022,0.000927197250886394,0.00335065751154462,"EOAD_vs_LOAD",235,"study_9"
"CCL28",-0.0387954259560367,0.0434507092107756,0.797200037045936,0.372902323322086,0.406628983963845,"EOAD_vs_LOAD",235,"study_9"
"CD40",-0.237526675857174,0.0560662887341303,17.9482108698372,3.27854165681096e-05,0.000523747029675551,"EOAD_vs_LOAD",235,"study_9"
"FGF19",-0.285025871143701,0.070624968229367,16.2874101339426,7.38411025772553e-05,0.000831843365252487,"EOAD_vs_LOAD",235,"study_9"
"CCL8",-0.149723947802858,0.0850538205529638,3.09880955433409,0.079738169729871,0.103352313300989,"EOAD_vs_LOAD",235,"study_9"
"CCL25",-0.13553321805643,0.0618519534080713,4.80158543003699,0.0294285471339684,0.0454223227502555,"EOAD_vs_LOAD",235,"study_9"
"TNFRSF9",-0.0825823275991542,0.0552309615008571,2.23567685700734,0.136260643643314,0.165219262406219,"EOAD_vs_LOAD",235,"study_9"
"LTA",-0.0963200139940945,0.0605404891440357,2.53128603344715,0.112965736626028,0.139893615705488,"EOAD_vs_LOAD",235,"study_9"
"IL17RA",-0.0345166558130652,0.0752772242042801,0.210247205016478,0.64703107498912,0.672281068159427,"EOAD_vs_LOAD",235,"study_9"
"IL2RA",-0.167199613145378,0.0705514873613448,5.61640204264389,0.018613525476633,0.0318022534213062,"EOAD_vs_LOAD",235,"study_9"
"PLCL2",-0.125457942054462,0.0528025982568922,5.645283178597,0.018335114061925,0.0314949943160485,"EOAD_vs_LOAD",235,"study_9"
"CCL24",-0.0152695862645815,0.0977190161518562,0.0244172285385424,0.875968236606386,0.889894599668491,"EOAD_vs_LOAD",235,"study_9"
"TRIP10",-0.197065843590551,0.0659785276293701,8.92108082837498,0.00312090321593233,0.00813982512237045,"EOAD_vs_LOAD",235,"study_9"
"SELE",-0.092479836513415,0.0579610183312982,2.54578716430931,0.11199049055875,0.138955191198138,"EOAD_vs_LOAD",235,"study_9"
"PIK3R4",-0.120470067607247,0.0864338552605863,1.94263200315319,0.164825538129266,0.19649910235933,"EOAD_vs_LOAD",235,"study_9"
"EPCAM",-0.170605537962161,0.0823829031652166,4.28856566563465,0.0395366783700147,0.0575497089831017,"EOAD_vs_LOAD",235,"study_9"
"FASN",-0.208016817276903,0.0725149682508669,8.22889597343039,0.00450427227332039,0.0105817278773961,"EOAD_vs_LOAD",235,"study_9"
"OPN3",0.0759191009262903,0.0268194020540107,8.01316214670358,0.00504954801494082,0.0113614830336168,"EOAD_vs_LOAD",235,"study_9"
"CPA1",-0.0750278661961943,0.0982483617228267,0.583169169272641,0.445856991136161,0.47563041291487,"EOAD_vs_LOAD",235,"study_9"
"LGALS4",-0.11239470555191,0.0608871334297508,3.40753756286721,0.0661857380702306,0.0889395092625677,"EOAD_vs_LOAD",235,"study_9"
"CASP3",-0.187646361135972,0.0901181370283586,4.33566664669276,0.0384170294350396,0.0561750155812135,"EOAD_vs_LOAD",235,"study_9"
"IL1RL1",-0.330002064247959,0.120298318159361,7.52513337315502,0.00656009126252182,0.0140667728750048,"EOAD_vs_LOAD",235,"study_9"
"FLT1",-0.211008541986365,0.0536320202293078,15.4793157953046,0.000110113458668946,0.000952147865994613,"EOAD_vs_LOAD",235,"study_9"
"SCAMP3",-0.244543477164625,0.0538882567677157,20.5932028115903,9.21814022395009e-06,0.000256103982743657,"EOAD_vs_LOAD",235,"study_9"
"LY9",-0.0498387229009916,0.0376421323381363,1.75301396528839,0.186800524915495,0.220231615167899,"EOAD_vs_LOAD",235,"study_9"
"TFPI2",-0.222563455288568,0.0700287770230519,10.1007733549161,0.0016828496957755,0.00522010172621624,"EOAD_vs_LOAD",235,"study_9"
"KLK14",0.018747291749198,0.07654057744141,0.0599920368536507,0.806724710517073,0.82744316215154,"EOAD_vs_LOAD",235,"study_9"
"METAP2",-0.142396080320575,0.0372256646671435,14.6322511870278,0.000170703350562528,0.00119046588135992,"EOAD_vs_LOAD",235,"study_9"
"NECTIN4",-0.0792739253797755,0.0521964737231145,2.30663245832305,0.130202837951968,0.158475454192967,"EOAD_vs_LOAD",235,"study_9"
"FASLG",-0.0419577020436712,0.0610709434644344,0.472013185320765,0.492745932103201,0.521299090420439,"EOAD_vs_LOAD",235,"study_9"
"EPHA2",-0.128411370922426,0.0389581469859898,10.864515939928,0.00113350126167722,0.00391517462817159,"EOAD_vs_LOAD",235,"study_9"
"ITGB5",-0.206590626194298,0.0545591705061318,14.3379052575098,0.000194435153349086,0.00122434437126469,"EOAD_vs_LOAD",235,"study_9"
"GALK1",-0.203642141726013,0.0648374967086549,9.86467618755239,0.00190489680207573,0.00579632884060186,"EOAD_vs_LOAD",235,"study_9"
"XPNPEP2",-0.207909600036089,0.105575563035351,3.87812919977682,0.0501155915255098,0.0706928542710834,"EOAD_vs_LOAD",235,"study_9"
"ADAM8",-0.0829814831046223,0.0465644795836351,3.17579805287498,0.0760556225194274,0.0991827403875798,"EOAD_vs_LOAD",235,"study_9"
"ABL1",-0.18060670264895,0.0480024964471497,14.1559845249348,0.000214477274773415,0.00129293376019068,"EOAD_vs_LOAD",235,"study_9"
"LYN",-0.101471475530548,0.0283934214159081,12.771811339905,0.000427686049226034,0.00202438063300323,"EOAD_vs_LOAD",235,"study_9"
"CD160",-0.0735111242642899,0.0796172443671694,0.852495009559691,0.356810620639877,0.391755990702546,"EOAD_vs_LOAD",235,"study_9"
"TNFRSF4",-0.146395194798119,0.0643704143363845,5.17226817804278,0.0238627270841498,0.0385632431865048,"EOAD_vs_LOAD",235,"study_9"
"CCN4",-0.190488766585885,0.0692783383284706,7.56038331047003,0.00644139351189929,0.0139055758584583,"EOAD_vs_LOAD",235,"study_9"
"CXCL17",-0.114388391394065,0.0641394243422983,3.18063467918015,0.0758304266199972,0.099091293681346,"EOAD_vs_LOAD",235,"study_9"
"PPY",-0.123992436867162,0.0569580871359117,4.73892242596695,0.0304931323261836,0.0468392104721906,"EOAD_vs_LOAD",235,"study_9"
"AREG",-0.0532888693188976,0.0390121994839129,1.86583028705281,0.173337423606336,0.205610725764846,"EOAD_vs_LOAD",235,"study_9"
"CXCL13",-0.234862005395742,0.100650549762001,5.44494161038361,0.0204775322397335,0.0340908771494233,"EOAD_vs_LOAD",235,"study_9"
"SMAD5",-0.107358140358341,0.0495406247827831,4.69620451145069,0.0312792630223706,0.0477027424135915,"EOAD_vs_LOAD",235,"study_9"
"ADAMTS15",-0.196996978526757,0.0723366342560442,7.41656034971038,0.00695204381175442,0.0147097880652684,"EOAD_vs_LOAD",235,"study_9"
"RSPO3",-0.343694748212088,0.0869437709650176,15.6267565617896,0.000103540664969854,0.000943032029732189,"EOAD_vs_LOAD",235,"study_9"
"GZMB",-0.0388463291746864,0.0471070631267447,0.680029751480173,0.410422683916928,0.442259856699691,"EOAD_vs_LOAD",235,"study_9"
"EDAR",-0.0743778392187956,0.0360919301936812,4.246849759369,0.0404335821321484,0.0584548845756625,"EOAD_vs_LOAD",235,"study_9"
"PTH1R",-0.136637529771945,0.043675298990613,9.78742011568984,0.00198178519722712,0.00594535559168137,"EOAD_vs_LOAD",235,"study_9"
"CKAP4",-0.356019828933873,0.0732730785656895,23.6080163233053,2.16906558559068e-06,0.000115502742432704,"EOAD_vs_LOAD",235,"study_9"
"TREM1",-0.0481914977786526,0.0659666988942268,0.533692801717653,0.465874674179055,0.496027210216197,"EOAD_vs_LOAD",235,"study_9"
"KLRD1",-0.128632886662803,0.0543428491187432,5.60298194925782,0.0187484577312316,0.031862405559194,"EOAD_vs_LOAD",235,"study_9"
"DFFA",-0.0678118980971127,0.0531195963577008,1.62967974900674,0.203018419509928,0.238034440489622,"EOAD_vs_LOAD",235,"study_9"
"IFNLR1",-0.133787162537402,0.0411642752151422,10.5630160502056,0.00132923791759143,0.00451799483691982,"EOAD_vs_LOAD",235,"study_9"
"TIGAR",-0.124117145802202,0.0350254322725065,12.5573081617908,0.000477951230760822,0.0022374334426588,"EOAD_vs_LOAD",235,"study_9"
"DNAH14",-0.146740334363955,0.050528253497316,8.43393858734756,0.00403823970930614,0.00962848945614413,"EOAD_vs_LOAD",235,"study_9"
"ENTPD2",-0.0763523746426071,0.0735256422127137,1.07836912291336,0.300203798745037,0.338922663247489,"EOAD_vs_LOAD",235,"study_9"
"CRHR1",-0.272567256675561,0.0791770600423049,11.8508260309814,0.00068412286381271,0.00278442363042243,"EOAD_vs_LOAD",235,"study_9"
"EGFL7",-0.281725909359215,0.0658548676548345,18.3011262141353,2.75419135599809e-05,0.000502836650423652,"EOAD_vs_LOAD",235,"study_9"
"FCRL1",-0.082559528895086,0.0692394313330822,1.42176371884563,0.234331540191797,0.269797935464068,"EOAD_vs_LOAD",235,"study_9"
"DDC",-0.00293690185068529,0.067528444669814,0.00189149575832985,0.965347168851545,0.965347168851545,"EOAD_vs_LOAD",235,"study_9"
"TFF2",-0.144829841283392,0.0947320630937215,2.33734122143064,0.127667857370649,0.155686566526422,"EOAD_vs_LOAD",235,"study_9"
"CD2AP",-0.132355923875328,0.0767374361313987,2.97489880937433,0.0858918656747408,0.110432398724667,"EOAD_vs_LOAD",235,"study_9"
"MFSD1",-0.0924182562092447,0.0627837818292632,2.16680882217792,0.142381901495797,0.171340932308502,"EOAD_vs_LOAD",235,"study_9"
"CD79B",-0.20539011616375,0.0672144665491889,9.33756350967519,0.00254349282101635,0.00698629636613936,"EOAD_vs_LOAD",235,"study_9"
"SIGLEC7",-0.212395618866725,0.0729099748046587,8.48627716933495,0.00393006277567414,0.00951253830930219,"EOAD_vs_LOAD",235,"study_9"
"ENTPD5",-0.0167665977424905,0.0494955579444723,0.114751254364723,0.73513824852704,0.757666678723836,"EOAD_vs_LOAD",235,"study_9"
"SOST",-0.0607444838161271,0.126055355497428,0.232215437985246,0.630354191662374,0.656020078945044,"EOAD_vs_LOAD",235,"study_9"
"PPP1R2",-0.135670137965588,0.058566958955034,5.36615465258003,0.0214009954571838,0.0352454538586094,"EOAD_vs_LOAD",235,"study_9"
"ADGRE2",-0.153919235350977,0.060535504782967,6.46495428146654,0.0116511359958083,0.0220268517790577,"EOAD_vs_LOAD",235,"study_9"
"REG4",-0.0490675719445903,0.0829364792230356,0.350024098632248,0.554675886745837,0.582957058602944,"EOAD_vs_LOAD",235,"study_9"
"CD1C",-0.019268954926728,0.0648853846503007,0.0881906522495271,0.766759193192808,0.788984097343324,"EOAD_vs_LOAD",235,"study_9"
"GALT",-0.286482699525226,0.0751009968072133,14.5514207364237,0.000174800024223432,0.00119046588135992,"EOAD_vs_LOAD",235,"study_9"
"PAG1",-0.176391695592155,0.0454974586731873,15.0307963820287,0.000137941465078182,0.0010369952492348,"EOAD_vs_LOAD",235,"study_9"
"TMPRSS11F",-0.236411265491761,0.103184005457415,5.24942300737023,0.0228650107720122,0.0372723007227444,"EOAD_vs_LOAD",235,"study_9"
"ST6GALNAC6",-0.162987221658064,0.0549279266388497,8.80482444584454,0.00332217259358075,0.00852402210759948,"EOAD_vs_LOAD",235,"study_9"
"CR2",-0.0614043754498396,0.0779638998388758,0.620313920355695,0.431733671286621,0.462106894392212,"EOAD_vs_LOAD",235,"study_9"
"TIMD4",-0.183379051903762,0.0789430709703055,5.39599343039033,0.0210649325705584,0.0348015449494509,"EOAD_vs_LOAD",235,"study_9"
"WNT9A",-0.15804957196916,0.0386048113285917,16.7611487164838,5.85657229548306e-05,0.000763744836084424,"EOAD_vs_LOAD",235,"study_9"
"BCL2L11",0.0133780018235639,0.0155676252630486,0.738478343559973,0.39121482528907,0.425870993798493,"EOAD_vs_LOAD",235,"study_9"
"IGSF3",-0.19742165263189,0.0584087701702214,11.4244010944628,0.000849799833721407,0.00319424761028223,"EOAD_vs_LOAD",235,"study_9"
"TACSTD2",0.0205011433144504,0.0482282023429419,0.180698278270563,0.671176047740049,0.696236192379694,"EOAD_vs_LOAD",235,"study_9"
"CFC1",-0.150443676119131,0.0580300536852499,6.72112432971524,0.0101338736704546,0.0198636358141732,"EOAD_vs_LOAD",235,"study_9"
"MAP2K6",-0.0643728783215223,0.0275892417498786,5.44410292382545,0.0204865365029398,0.0340908771494233,"EOAD_vs_LOAD",235,"study_9"
"KAZALD1",-0.119519885111038,0.0635561624483661,3.53642947138781,0.061288335089059,0.0839159684523184,"EOAD_vs_LOAD",235,"study_9"
"SIGLEC10",-0.1023516128197,0.0517951908740237,3.90490529348241,0.049373155115108,0.06995442598349,"EOAD_vs_LOAD",235,"study_9"
"IL17RB",-0.177462313340988,0.0599464617486007,8.76365289302769,0.0033944020617348,0.0085394603049155,"EOAD_vs_LOAD",235,"study_9"
"FGF21",-0.358176514501167,0.102173647542622,12.2889963825084,0.000548568255564439,0.00241487909022271,"EOAD_vs_LOAD",235,"study_9"
"TMSB10",-0.300598727934019,0.0877429690065939,11.7367978704061,0.000725620220183134,0.00287994609128585,"EOAD_vs_LOAD",235,"study_9"
"CD300LG",-0.119045879593467,0.0564459985757057,4.44797579807383,0.0360103094958165,0.0533888347281362,"EOAD_vs_LOAD",235,"study_9"
"CCL21",-0.098104521564669,0.0453908913163656,4.67133084007577,0.0316911391580633,0.0481012777244714,"EOAD_vs_LOAD",235,"study_9"
"DNAI3",-0.241864283345144,0.0633268538225192,14.5870561738865,0.000171685179211536,0.00119046588135992,"EOAD_vs_LOAD",235,"study_9"
"CDON",-0.166523066453558,0.0564171378662603,8.7121771872311,0.00348780934822898,0.00873706492480574,"EOAD_vs_LOAD",235,"study_9"
"CCNA1",-0.00813962962503645,0.0970717955531701,0.00703109817018312,0.933246951011876,0.93795720273316,"EOAD_vs_LOAD",235,"study_9"
"CD69",-0.199943383766914,0.0672407595360598,8.84196628079208,0.00325902994539028,0.00846552900448939,"EOAD_vs_LOAD",235,"study_9"
"XG",-0.274469869928915,0.0987327327021442,7.72799865882175,0.00592968268883736,0.0130208496156944,"EOAD_vs_LOAD",235,"study_9"
"FCER2",-0.455618404470837,0.102607986830765,19.716970381954,1.38963278952814e-05,0.000317134054467315,"EOAD_vs_LOAD",235,"study_9"
"FUT3",-0.159188203805118,0.0590320774242379,7.27186203993252,0.00751635376521924,0.0156227941793879,"EOAD_vs_LOAD",235,"study_9"
"FUT5",-0.159188203805118,0.0590320774242379,7.27186203993252,0.00751635376521924,0.0156227941793879,"EOAD_vs_LOAD",235,"study_9"
"RAPGEF2",-0.200609632890784,0.0702725635599287,8.14951892022913,0.00469799578060561,0.0107986305892338,"EOAD_vs_LOAD",235,"study_9"
"MMP1",-0.123038424948163,0.128535618187625,0.916293371103079,0.339452217237712,0.376579803498087,"EOAD_vs_LOAD",235,"study_9"
"GAL3ST2",-0.142575780719233,0.0624306963869059,5.2154904933509,0.0233071826020424,0.0378964114063743,"EOAD_vs_LOAD",235,"study_9"
